fingerprint,gateway,oui,payload,rssi,sequence,snr,spreading,timestamp,date/time (pacific),payload (decoded),Sequence number,Lat,Long,Name,date/time,SNR
277859077,quick paisley pony,1,MDAwMDEsMzcuNzk0ODUsLTEyMi4zOTI2MAA=,-117,0,-9.25,SF10,1577222815,26:55.1,"00001,37.79485,-122.39260",1,37.79485,-122.3926,1,26:55.1,-6.75
1464387741,perfect charcoal albatross,1,MDAwMDIsMzcuNzk0OTQsLTEyMi4zOTI1NgA=,-114,1,-14.25,SF10,1577222824,27:03.7,"00002,37.79494,-122.39256",2,37.79494,-122.39256,1,27:04.6,-9
,,,,,,,,,,,3,37.79503,-122.39243,,,
3093729387,perfect charcoal albatross,1,MDAwMDQsMzcuNzk1MTIsLTEyMi4zOTIzNQA=,-115,3,-4.75,SF10,1577222844,27:23.6,"00004,37.79512,-122.39235",4,37.79512,-122.39235,1,27:23.6,-9
2642468525,perfect charcoal albatross,1,MDAwMDUsMzcuNzk1MjIsLTEyMi4zOTIyOAA=,-112,4,-5.5,SF10,1577222854,27:34.0,"00005,37.79522,-122.39228",5,37.79522,-122.39228,1,27:34.0,-3.5
,,,,,,,,,,,6,37.79524,-122.39227,,,
,,,,,,,,,,,7,37.79524,-122.39227,,,
,,,,,,,,,,,8,37.79525,-122.39226,,,
,,,,,,,,,,,9,37.79525,-122.39226,,,
755544648,brave butter unicorn,1,MDAwMDEsMzcuNzk1MjUsLTEyMi4zOTIyNgA=,-102,0,-8,SF10,1577222960,29:20.3,"00001,37.79525,-122.39226",1,37.79525,-122.39226,0,29:20.3,-8
3462123907,brave butter unicorn,1,MDAwMDIsMzcuNzk1MjUsLTEyMi4zOTIyNgA=,-91,1,-1.5,SF10,1577222970,29:29.8,#ERROR!,2,37.79525,-122.39226,1,29:30.6,-9.75
1606841615,electric pickle marmot,1,MDAwMDMsMzcuNzk1MjUsLTEyMi4zOTIyNgA=,-120,2,-14.5,SF10,1577222981,29:41.0,#ERROR!,3,37.79525,-122.39226,2,29:40.1,-3.75
,,,,,,,,,,,4,37.79525,-122.39226,,,
,,,,,,,,,,,5,37.79525,-122.39224,,,
1350282700,perfect charcoal albatross,1,MDAwMDYsMzcuNzk1MjEsLTEyMi4zOTIyMAA=,-116,5,-2.25,SF10,1577223010,30:10.4,"00006,37.79521,-122.39220",6,37.79521,-122.3922,2,30:10.4,-4.25
,,,,,,,,,,,7,37.79515,-122.39211,,,
,,,,,,,,,,,8,37.79513,-122.39218,,,
,,,,,,,,,,,9,37.79514,-122.39212,,,
4289251200,brave butter unicorn,1,MDAwMTAsMzcuNzk1MDksLTEyMi4zOTIyMAA=,-97,9,-3.5,SF10,1577223050,30:50.1,"00010,37.79509,-122.39220",10,37.79509,-122.3922,0,30:50.1,-3.5
3411006356,brave butter unicorn,1,MDAwMTEsMzcuNzk1MDEsLTEyMi4zOTIzNQA=,-99,10,-7.25,SF10,1577223060,30:59.6,"00011,37.79501,-122.39235",11,37.79501,-122.39235,0,30:59.6,-7.25
1029282231,quick paisley pony,1,MDAwMTIsMzcuNzk0OTIsLTEyMi4zOTI0NgA=,-115,11,-7.5,SF10,1577223070,31:10.0,#ERROR!,12,37.79492,-122.39246,2,31:10.0,-3.5
,,,,,,,,,,,13,37.79483,-122.39259,,,
1401855268,brave butter unicorn,1,MDAwMTQsMzcuNzk0NzUsLTEyMi4zOTI3NQA=,-104,13,-2.5,SF10,1577223090,31:29.9,"00014,37.79475,-122.39275",14,37.79475,-122.39275,0,31:29.9,-2.5
543471693,quick paisley pony,1,MDAwMTUsMzcuNzk0NjksLTEyMi4zOTI4OAA=,-114,14,-8,SF10,1577223100,31:40.2,"00015,37.79469,-122.39288",15,37.79469,-122.39288,0,31:40.2,-8
653534322,brave butter unicorn,1,MDAwMTYsMzcuNzk0NTksLTEyMi4zOTMwMQA=,-97,15,2.25,SF10,1577223110,31:49.7,#ERROR!,16,37.79459,-122.39301,2,31:49.7,-3
2771471565,perfect charcoal albatross,1,MDAwMTcsMzcuNzk0NTQsLTEyMi4zOTMwNQA=,-111,16,-5.5,SF10,1577223120,32:00.1,"00017,37.79454,-122.39305",17,37.79454,-122.39305,1,32:00.1,-3.75
2767027913,quick paisley pony,1,MDAwMTgsMzcuNzk0NTUsLTEyMi4zOTMwNwA=,-109,17,0.25,SF10,1577223130,32:09.6,"00018,37.79455,-122.39307",18,37.79455,-122.39307,1,32:09.6,-6
320140495,quick paisley pony,1,MDAwMTksMzcuNzk0NTQsLTEyMi4zOTMwNwA=,-104,18,-2.5,SF10,1577223140,32:20.0,#ERROR!,19,37.79454,-122.39307,1,32:20.0,3.75
3760693216,quick paisley pony,1,MDAwMjAsMzcuNzk0NTQsLTEyMi4zOTMwNwA=,-114,19,0.25,SF10,1577223150,32:30.3,"00020,37.79454,-122.39307",20,37.79454,-122.39307,1,32:30.3,-1.5
3187095536,quick paisley pony,1,MDAwMjEsMzcuNzk0NTQsLTEyMi4zOTMwNQA=,-114,20,0.5,SF10,1577223160,32:39.8,#ERROR!,21,37.79454,-122.39305,1,32:39.8,-2.25
2855294522,quick paisley pony,1,MDAwMjIsMzcuNzk0NTQsLTEyMi4zOTMwNQA=,-112,21,1.5,SF10,1577223170,32:50.2,#ERROR!,22,37.79454,-122.39305,1,32:50.2,-7.25
37764508,brave butter unicorn,1,MDAwMjMsMzcuNzk0NTQsLTEyMi4zOTMwNwA=,-97,22,-1,SF10,1577223180,32:59.7,#ERROR!,23,37.79454,-122.39307,2,32:59.7,-0.5
721529092,brave butter unicorn,1,MDAwMjQsMzcuNzk0NTMsLTEyMi4zOTMwNwA=,-94,23,-4.5,SF10,1577223190,33:10.1,"00024,37.79453,-122.39307",24,37.79453,-122.39307,1,33:10.1,-2.5
406064387,brave butter unicorn,1,MDAwMjUsMzcuNzk0NTMsLTEyMi4zOTMwNwA=,-96,24,1,SF10,1577223200,33:19.6,#ERROR!,25,37.79453,-122.39307,1,33:19.6,-0.75
,,,,,,,,,,,26,37.79453,-122.39307,,,
3095833796,brave butter unicorn,1,MDAwMjcsMzcuNzk0NTQsLTEyMi4zOTMwNAA=,-99,26,-1.25,SF10,1577223220,33:40.3,#ERROR!,27,37.79454,-122.39304,2,33:40.3,0.25
243914761,brave butter unicorn,1,MDAwMjgsMzcuNzk0NTQsLTEyMi4zOTMwNQA=,-91,27,-3.5,SF10,1577223230,33:49.8,#ERROR!,28,37.79454,-122.39305,0,33:49.8,-3.5
3466483287,quick paisley pony,1,MDAwMjksMzcuNzk0NTMsLTEyMi4zOTMwNwA=,-120,28,1.75,SF10,1577223240,34:00.2,"00029,37.79453,-122.39307",29,37.79453,-122.39307,2,34:00.2,-3
4209539400,quick paisley pony,1,MDAwMzAsMzcuNzk0NzIsLTEyMi4zOTMzNgA=,-112,29,-12,SF10,1577223250,34:09.7,#ERROR!,30,37.79472,-122.39336,2,34:09.7,0.75
3109505448,brave butter unicorn,1,MDAwMzEsMzcuNzk0OTksLTEyMi4zOTM2NQA=,-89,30,3,SF10,1577223260,34:20.1,"00031,37.79499,-122.39365",31,37.79499,-122.39365,1,34:20.1,-0.5
187964762,perfect charcoal albatross,1,MDAwMzIsMzcuNzk1MTEsLTEyMi4zOTM3OQA=,-108,31,0.75,SF10,1577223270,34:30.4,#ERROR!,32,37.79511,-122.39379,0,34:30.4,0.75
2638168410,perfect charcoal albatross,1,MDAwMzMsMzcuNzk1MTAsLTEyMi4zOTM4MQA=,-112,32,-5.75,SF10,1577223280,34:39.9,"00033,37.79510,-122.39381",33,37.7951,-122.39381,0,34:39.9,-5.75
,,,,,,,,,,,34,37.79511,-122.39379,,,
4090689374,perfect charcoal albatross,1,MDAwMzUsMzcuNzk1MTAsLTEyMi4zOTM3OQA=,-110,34,1.5,SF10,1577223300,34:59.8,"00035,37.79510,-122.39379",35,37.7951,-122.39379,0,34:59.8,1.5
2636605721,brave butter unicorn,1,MDAwMzYsMzcuNzk1MTIsLTEyMi4zOTM3NwA=,-87,35,-12.75,SF10,1577223310,35:10.2,"00036,37.79512,-122.39377",36,37.79512,-122.39377,0,35:10.2,-12.75
1692518862,perfect charcoal albatross,1,MDAwMzcsMzcuNzk1MTIsLTEyMi4zOTM3NwA=,-100,36,-14,SF10,1577223320,35:19.7,"00037,37.79512,-122.39377",37,37.79512,-122.39377,1,35:19.7,-10
2398375711,brave butter unicorn,1,MDAwMzgsMzcuNzk1MjIsLTEyMi4zOTM4NwA=,-110,37,-7,SF10,1577223330,35:30.0,"00038,37.79522,-122.39387",38,37.79522,-122.39387,1,35:30.0,-7.75
,,,,,,,,,,,39,37.79576,-122.39437,,,
,,,,,,,,,,,40,37.79648,-122.39501,,,
2271403242,perfect charcoal albatross,1,MDAwNDEsMzcuNzk3MjUsLTEyMi4zOTU2NgA=,-118,40,-8.5,SF10,1577223359,35:59.4,#ERROR!,41,37.79725,-122.39566,1,36:00.3,-4.75
575833751,helpful coffee sidewinder,1,MDAwNDIsMzcuNzk5MDAsLTEyMi4zOTczMAA=,-114,41,3,SF10,1577223379,36:19.3,#ERROR!,42,37.799,-122.3973,1,36:19.3,0.5
1716484788,future marmalade canary,1,MDAwNDMsMzcuNzk5ODAsLTEyMi4zOTgwNAA=,-104,42,5,SF10,1577223389,36:28.8,"00043,37.79980,-122.39804",43,37.7998,-122.39804,4,36:28.8,6.25
1086946236,interesting raisin chameleon,1,MDAwNDQsMzcuODAwNDAsLTEyMi4zOTg1NwA=,-117,43,-7,SF10,1577223399,36:39.2,"00044,37.80040,-122.39857",44,37.8004,-122.39857,0,36:39.2,-7
1252975543,interesting raisin chameleon,1,MDAwNDUsMzcuODAwNjAsLTEyMi4zOTg3NAA=,-120,44,-8.25,SF10,1577223409,36:48.7,"00045,37.80060,-122.39874",45,37.8006,-122.39874,2,36:48.7,0.25
105549580,brave butter unicorn,1,MDAwNDYsMzcuODAwNjAsLTEyMi4zOTg3NQA=,-111,45,-8.5,SF10,1577223419,36:59.0,#ERROR!,46,37.8006,-122.39875,3,36:59.0,3.25
936387332,future marmalade canary,1,MDAwNDcsMzcuODAwNjEsLTEyMi4zOTg3NgA=,-114,46,-3.75,SF10,1577223429,37:09.4,#ERROR!,47,37.80061,-122.39876,2,37:09.4,-1.25
2517452932,interesting raisin chameleon,1,MDAwNDgsMzcuODAwNjIsLTEyMi4zOTg3NgA=,-116,47,-2.75,SF10,1577223439,37:18.9,Loading...,48,37.80062,-122.39876,1,37:18.9,-4.25
3704758184,interesting raisin chameleon,1,MDAwNDksMzcuODAwNjcsLTEyMi4zOTg4MQA=,-113,48,-4.5,SF10,1577223449,37:29.3,#ERROR!,49,37.80067,-122.39881,1,37:29.3,-5.5
1512812478,brave butter unicorn,1,MDAwNTAsMzcuODAxMjMsLTEyMi4zOTkzMgA=,-115,49,-11.5,SF10,1577223459,37:38.8,"00050,37.80123,-122.39932",50,37.80123,-122.39932,1,37:38.8,-9.75
3273677245,future marmalade canary,1,MDAwNTEsMzcuODAyMTAsLTEyMi40MDAxMAA=,-114,50,-2.75,SF10,1577223469,37:49.2,"00051,37.80210,-122.40010",51,37.8021,-122.4001,0,37:49.2,-2.75
,,,,,,,,,,,52,37.80282,-122.40074,,,
3415018470,interesting raisin chameleon,1,MDAwNTMsMzcuODAyODcsLTEyMi40MDA3OQA=,-116,52,-6.75,SF10,1577223489,38:09.0,"00053,37.80287,-122.40079",53,37.80287,-122.40079,1,38:09.0,-17
,,,,,,,,,,,54,37.80288,-122.40079,,,
1413882350,interesting raisin chameleon,1,MDAwNTUsMzcuODAyODgsLTEyMi40MDA3OQA=,-120,54,-13,SF10,1577223509,38:28.9,"00055,37.80288,-122.40079",55,37.80288,-122.40079,1,38:28.9,-8
1042811559,interesting raisin chameleon,1,MDAwNTYsMzcuODAyODgsLTEyMi40MDA3OQA=,-118,55,-6.75,SF10,1577223519,38:39.3,"00056,37.80288,-122.40079",56,37.80288,-122.40079,0,38:39.3,-6.75
,,,,,,,,,,,57,37.80304,-122.40093,,,
,,,,,,,,,,,58,37.80369,-122.40153,,,
,,,,,,,,,,,59,37.8044,-122.40224,,,
,,,,,,,,,,,60,37.80503,-122.40308,,,
,,,,,,,,,,,61,37.80566,-122.40395,,,
,,,,,,,,,,,62,37.80632,-122.40493,,,
,,,,,,,,,,,63,37.80686,-122.40603,,,
,,,,,,,,,,,64,37.80737,-122.4071,,,
,,,,,,,,,,,65,37.80776,-122.40816,,,
,,,,,,,,,,,66,37.80809,-122.40896,,,
2369106792,gorgeous navy alpaca,1,MDAwNjcsMzcuODA4MTgsLTEyMi40MDk1MgA=,-113,66,-4.5,SF10,1577223633,40:33.3,"00067,37.80818,-122.40952",67,37.80818,-122.40952,0,40:33.3,-4.5
2041445344,gorgeous navy alpaca,1,MDAwNjgsMzcuODA4MjQsLTEyMi40MTAyNgA=,-112,67,-5.5,SF10,1577223639,40:39.4,#ERROR!,68,37.80824,-122.41026,0,40:39.4,-5.5
,,,,,,,,,,,69,37.80826,-122.41047,,,
,,,,,,,,,,,70,37.80825,-122.41047,,,
,,,,,,,,,,,71,37.80832,-122.41101,,,
,,,,,,,,,,,72,37.80848,-122.41202,,,
870096030,wide maroon wolverine,1,MDAwNzMsMzcuODA4NTIsLTEyMi40MTI0MwA=,-116,72,-3.5,SF10,1577223689,41:28.6,"00073,37.80852,-122.41243",73,37.80852,-122.41243,0,41:28.6,-3.5
1336656840,wide maroon wolverine,1,MDAwNzQsMzcuODA4NTIsLTEyMi40MTI0MQA=,-111,73,-3.5,SF10,1577223699,41:39.0,#ERROR!,74,37.80852,-122.41241,0,41:39.0,-3.5
3991238856,wide maroon wolverine,1,MDAwNzUsMzcuODA4NTEsLTEyMi40MTI0MQA=,-116,74,-3.75,SF10,1577223709,41:49.3,"00075,37.80851,-122.41241",75,37.80851,-122.41241,0,41:49.3,-3.75
888877519,wide maroon wolverine,1,MDAwNzYsMzcuODA4NTUsLTEyMi40MTI0MwA=,-114,75,-3.25,SF10,1577223719,41:58.8,#ERROR!,76,37.80855,-122.41243,0,41:58.8,-3.25
967887228,wide maroon wolverine,1,MDAwNzcsMzcuODA4NjAsLTEyMi40MTI0NQA=,-114,76,-4,SF10,1577223729,42:09.2,"00077,37.80860,-122.41245",77,37.8086,-122.41245,0,42:09.2,-4
1622235934,wide maroon wolverine,1,MDAwNzgsMzcuODA4NjQsLTEyMi40MTI0NQA=,-113,77,-3.25,SF10,1577223739,42:18.7,"00078,37.80864,-122.41245",78,37.80864,-122.41245,0,42:18.7,-3.25
,,,,,,,,,,,79,37.8086,-122.41306,,,
4095183569,gorgeous navy alpaca,1,MDAwODAsMzcuODA4NDksLTEyMi40MTM4OAA=,-115,79,-6.75,SF10,1577223761,42:41.2,"00080,37.80849,-122.41388",80,37.80849,-122.41388,0,42:41.2,-6.75
2036597500,gorgeous navy alpaca,1,MDAwODEsMzcuODA4NDAsLTEyMi40MTQ2MAA=,-118,80,-9.75,SF10,1577223769,42:49.0,#ERROR!,81,37.8084,-122.4146,0,42:49.0,-9.75
,,,,,,,,,,,82,37.80827,-122.41557,,,
4063214360,wide maroon wolverine,1,MDAwODMsMzcuODA4MTYsLTEyMi40MTY0OQA=,-114,82,-8.75,SF10,1577223789,43:08.8,"00083,37.80816,-122.41649",83,37.80816,-122.41649,0,43:08.8,-8.75
1947689547,wide maroon wolverine,1,MDAwODQsMzcuODA4MTAsLTEyMi40MTcwNgA=,-109,83,-6.5,SF10,1577223799,43:19.2,#ERROR!,84,37.8081,-122.41706,0,43:19.2,-6.5
,,,,,,,,,,,85,37.8081,-122.4171,,,
305917256,wide maroon wolverine,1,MDAwODYsMzcuODA4MDksLTEyMi40MTcxMwA=,-107,85,-4.25,SF10,1577223819,43:39.1,#ERROR!,86,37.80809,-122.41713,0,43:39.1,-4.25
1101586443,wide maroon wolverine,1,MDAwODcsMzcuODA4MDMsLTEyMi40MTc1NQA=,-108,86,-2.75,SF10,1577223829,43:48.6,"00087,37.80803,-122.41755",87,37.80803,-122.41755,0,43:48.6,-2.75
,,,,,,,,,,,88,37.80794,-122.41815,,,
,,,,,,,,,,,89,37.80786,-122.41877,,,
1046695586,gorgeous navy alpaca,1,MDAwOTAsMzcuODA3ODIsLTEyMi40MTkwNgA=,-117,89,-8.5,SF10,1577223859,44:18.8,#ERROR!,90,37.80782,-122.41906,0,44:18.8,-8.5
,,,,,,,,,,,91,37.80775,-122.41962,,,
,,,,,,,,,,,92,37.80767,-122.42023,,,
,,,,,,,,,,,93,37.80762,-122.42065,,,
,,,,,,,,,,,94,37.80735,-122.42075,,,
,,,,,,,,,,,95,37.80701,-122.42068,,,
,,,,,,,,,,,96,37.80674,-122.42066,,,
,,,,,,,,,,,97,37.80663,-122.42117,,,
,,,,,,,,,,,98,37.80654,-122.42188,,,
844351589,digital berry duck,1,MDAwOTksMzcuODA2NTEsLTEyMi40MjIxMAA=,-118,98,-13.25,SF10,1577223949,45:48.7,"00099,37.80651,-122.42210",99,37.80651,-122.4221,0,45:48.7,-13.25
,,,,,,,,,,,100,37.80647,-122.42235,,,
,,,,,,,,,,,101,37.80637,-122.42306,,,
,,,,,,,,,,,102,37.80629,-122.42372,,,
,,,,,,,,,,,103,37.80607,-122.42387,,,
,,,,,,,,,,,104,37.80559,-122.4238,,,
,,,,,,,,,,,105,37.80543,-122.42377,,,
2819342033,zealous cream swallow,1,MDAxMDYsMzcuODA1NDIsLTEyMi40MjM3NgA=,-122,105,-5.25,SF10,1577224020,47:00.4,#ERROR!,106,37.80542,-122.42376,1,47:00.4,-9.25
,,,,,,,,,,,107,37.80536,-122.42374,,,
,,,,,,,,,,,108,37.80525,-122.42426,,,
,,,,,,,,,,,109,37.80516,-122.425,,,
3770193363,festive cloth lemur,1,MDAxMTAsMzcuODA1MTMsLTEyMi40MjUyMAA=,-120,109,-7.5,SF10,1577224060,47:40.1,#ERROR!,110,37.80513,-122.4252,0,47:40.1,-7.5
,,,,,,,,,,,111,37.80465,-122.42535,,,
1406846248,chilly rainbow bear,1,MDAxMTIsMzcuODA0MjksLTEyMi40MjUyOAA=,-118,111,-5,SF10,1577224079,47:59.1,#ERROR!,112,37.80429,-122.42528,0,47:59.1,-5
3343055096,skinny cider scallop,1,MDAxMTMsMzcuODA0MjksLTEyMi40MjUyOAA=,-123,112,-3.5,SF10,1577224089,48:08.6,"00113,37.80429,-122.42528",113,37.80429,-122.42528,3,48:08.6,-6
,,,,,,,,,,,114,37.80423,-122.42529,,,
2170152255,chilly rainbow bear,1,MDAxMTUsMzcuODA0MTIsLTEyMi40MjU4NgA=,-120,114,-2.75,SF10,1577224109,48:29.4,"00115,37.80412,-122.42586",115,37.80412,-122.42586,0,48:29.4,-2.75
1945492860,festive cloth lemur,1,MDAxMTYsMzcuODA0MDUsLTEyMi40MjYzOQA=,-118,115,-8,SF10,1577224119,48:38.9,"00116,37.80405,-122.42639",116,37.80405,-122.42639,1,48:38.9,-2.5
3848786466,festive cloth lemur,1,MDAxMTcsMzcuODA0MDQsLTEyMi40MjY1MgA=,-116,116,-11.5,SF10,1577224129,48:49.2,#ERROR!,117,37.80404,-122.42652,1,48:49.2,1.5
45266359,chilly rainbow bear,1,MDAxMTgsMzcuODA0MDQsLTEyMi40MjY1MgA=,-120,117,0,SF10,1577224139,48:58.8,"00118,37.80404,-122.42652",118,37.80404,-122.42652,0,48:58.8,0
2737924161,chilly rainbow bear,1,MDAxMTksMzcuODAzOTksLTEyMi40MjY5OQA=,-107,118,-6.75,SF10,1577224149,49:09.1,#ERROR!,119,37.80399,-122.42699,0,49:09.1,-6.75
2914364058,chilly rainbow bear,1,MDAxMjAsMzcuODAzODYsLTEyMi40Mjc5MgA=,-118,119,2,SF10,1577224159,49:18.6,#ERROR!,120,37.80386,-122.42792,1,49:18.6,-7.25
3918853791,joyous burgundy chicken,1,MDAxMjEsMzcuODAzNzMsLTEyMi40Mjg5MAA=,-118,120,5.25,SF10,1577224169,49:29.0,#ERROR!,121,37.80373,-122.4289,2,49:29.0,3
861443534,festive cloth lemur,1,MDAxMjIsMzcuODAzNjEsLTEyMi40Mjk4OQA=,-106,121,10.5,SF10,1577224179,49:39.4,#ERROR!,122,37.80361,-122.42989,4,49:39.4,9.25
1173921231,mini orchid swallow,1,MDAxMjMsMzcuODAzNDksLTEyMi40MzA4OQA=,-120,122,-10.25,SF10,1577224190,49:49.7,"00123,37.80349,-122.43089",123,37.80349,-122.43089,0,49:49.7,-10.25
1452251986,joyous burgundy chicken,1,MDAxMjQsMzcuODAzNDYsLTEyMi40MzE2MwA=,-116,123,-6,SF10,1577224199,49:59.2,#ERROR!,124,37.80346,-122.43163,2,49:59.2,-7.75
1943531059,chilly rainbow bear,1,MDAxMjUsMzcuODA0MTIsLTEyMi40MzE4MQA=,-124,124,-4,SF10,1577224209,50:08.7,#ERROR!,125,37.80412,-122.43181,3,50:08.7,3.5
3222930736,joyous burgundy chicken,1,MDAxMjYsMzcuODA0ODcsLTEyMi40MzE5NgA=,-118,125,0,SF10,1577224219,50:19.1,#ERROR!,126,37.80487,-122.43196,0,50:19.1,0
1551832476,joyous burgundy chicken,1,MDAxMjcsMzcuODA1MjYsLTEyMi40MzIzMgA=,-116,126,-6,SF10,1577224229,50:28.6,"00127,37.80526,-122.43232",127,37.80526,-122.43232,1,50:28.6,9.75
619712185,zealous cream swallow,1,MDAxMjgsMzcuODA1MTQsLTEyMi40MzMxMQA=,-120,127,-4,SF10,1577224239,50:39.0,"00128,37.80514,-122.43311",128,37.80514,-122.43311,1,50:39.0,11.5
1697070051,chilly rainbow bear,1,MDAxMjksMzcuODA1MTAsLTEyMi40MzM0NQA=,-93,128,13.75,SF10,1577224249,50:49.3,"00129,37.80510,-122.43345",129,37.8051,-122.43345,0,50:49.3,13.75
3486118456,chilly rainbow bear,1,MDAxMzAsMzcuODA1MTAsLTEyMi40MzM0NgA=,-104,129,10.75,SF10,1577224259,50:58.8,"00130,37.80510,-122.43346",130,37.8051,-122.43346,0,50:58.8,10.75
154237579,chilly rainbow bear,1,MDAxMzEsMzcuODA1MTEsLTEyMi40MzM4MwA=,-104,130,5.5,SF10,1577224269,51:09.2,"00131,37.80511,-122.43383",131,37.80511,-122.43383,2,51:09.2,-0.5
1075189548,festive cloth lemur,1,MDAxMzIsMzcuODA1NjAsLTEyMi40MzQ2NQA=,-120,131,-13,SF10,1577224279,51:18.7,#ERROR!,132,37.8056,-122.43465,1,51:18.7,5.5
4229483540,zealous cream swallow,1,MDAxMzMsMzcuODA1OTMsLTEyMi40MzUxOQA=,-112,132,4.5,SF10,1577224289,51:29.1,#ERROR!,133,37.80593,-122.43519,4,51:29.1,1.5
1678486685,chilly rainbow bear,1,MDAxMzQsMzcuODA2MDUsLTEyMi40MzUzNwA=,-109,133,5.25,SF10,1577224299,51:38.6,"00134,37.80605,-122.43537",134,37.80605,-122.43537,0,51:38.6,5.25
1764727597,zealous cream swallow,1,MDAxMzUsMzcuODA2NDMsLTEyMi40MzU5NwA=,-116,134,-3,SF10,1577224309,51:49.0,"00135,37.80643,-122.43597",135,37.80643,-122.43597,1,51:49.0,-6
3325232631,genuine alabaster badger,1,MDAxMzYsMzcuODA2NTYsLTEyMi40MzY4MAA=,-118,135,-13.25,SF10,1577224320,52:00.2,"00136,37.80656,-122.43680",136,37.80656,-122.4368,0,52:00.2,-13.25
822153953,chilly rainbow bear,1,MDAxMzcsMzcuODA2NDgsLTEyMi40Mzc1MwA=,-117,136,2,SF10,1577224329,52:08.8,"00137,37.80648,-122.43753",137,37.80648,-122.43753,1,52:08.8,-15
849086041,genuine alabaster badger,1,MDAxMzgsMzcuODA2MzQsLTEyMi40Mzg2MwA=,-118,137,-7.5,SF10,1577224339,52:19.2,#ERROR!,138,37.80634,-122.43863,0,52:19.2,-7.5
2265546974,zealous cream swallow,1,MDAxMzksMzcuODA2MjYsLTEyMi40MzkzMQA=,-120,138,-7.5,SF10,1577224349,52:28.7,"00139,37.80626,-122.43931",139,37.80626,-122.43931,0,52:28.7,-7.5
3971764690,genuine alabaster badger,1,MDAxNDAsMzcuODA2MjQsLTEyMi40Mzk1NAA=,-116,139,-1.25,SF10,1577224359,52:39.1,"00140,37.80624,-122.43954",140,37.80624,-122.43954,0,52:39.1,-1.25
1484856044,genuine alabaster badger,1,MDAxNDEsMzcuODA2MTcsLTEyMi40NDAwOQA=,-112,140,6.5,SF10,1577224369,52:48.6,#ERROR!,141,37.80617,-122.44009,0,52:48.6,6.5
438892690,genuine alabaster badger,1,MDAxNDIsMzcuODA2MDMsLTEyMi40NDExMgA=,-105,141,5.25,SF10,1577224379,52:58.9,#ERROR!,142,37.80603,-122.44112,0,52:58.9,5.25
3223550159,genuine alabaster badger,1,MDAxNDMsMzcuODA1OTUsLTEyMi40NDE3NgA=,-105,142,11.5,SF10,1577224389,53:09.3,"00143,37.80595,-122.44176",143,37.80595,-122.44176,0,53:09.3,11.5
3619498866,genuine alabaster badger,1,MDAxNDQsMzcuODA1OTQsLTEyMi40NDE4NgA=,-109,143,6.75,SF10,1577224399,53:18.8,#ERROR!,144,37.80594,-122.44186,0,53:18.8,6.75
885428863,genuine alabaster badger,1,MDAxNDUsMzcuODA1ODcsLTEyMi40NDI1MQA=,-110,144,8.75,SF10,1577224409,53:29.2,#ERROR!,145,37.80587,-122.44251,0,53:29.2,8.75
838209270,genuine alabaster badger,1,MDAxNDYsMzcuODA1NzMsLTEyMi40NDM1MgA=,-118,145,5,SF10,1577224419,53:38.7,#ERROR!,146,37.80573,-122.44352,0,53:38.7,5
3754236678,genuine alabaster badger,1,MDAxNDcsMzcuODA1NjksLTEyMi40NDM4OQA=,-111,146,2.5,SF10,1577224429,53:49.1,#ERROR!,147,37.80569,-122.44389,0,53:49.1,2.5
2765657776,zealous cream swallow,1,MDAxNDgsMzcuODA1NjAsLTEyMi40NDQ2MwA=,-111,147,-0.75,SF10,1577224439,53:59.4,"00148,37.80560,-122.44463",148,37.8056,-122.44463,0,53:59.4,-0.75
1291437123,zealous cream swallow,1,MDAxNDksMzcuODA1NTAsLTEyMi40NDUzOAA=,-117,148,0.75,SF10,1577224449,54:08.9,"00149,37.80550,-122.44538",149,37.8055,-122.44538,1,54:08.9,1
3322673509,genuine alabaster badger,1,MDAxNTAsMzcuODA1NDYsLTEyMi40NDU2NQA=,-114,149,0.5,SF10,1577224459,54:19.3,"00150,37.80546,-122.44565",150,37.80546,-122.44565,0,54:19.3,0.5
3402132987,zealous cream swallow,1,MDAxNTEsMzcuODA1MzcsLTEyMi40NDY0MAA=,-115,150,1,SF10,1577224469,54:28.8,"00151,37.80537,-122.44640",151,37.80537,-122.4464,2,54:28.8,-3
3072472148,skinny cider scallop,1,MDAxNTIsMzcuODA1MzIsLTEyMi40NDY3NwA=,-124,151,-9.5,SF10,1577224479,54:39.2,"00152,37.80532,-122.44677",152,37.80532,-122.44677,0,54:39.2,-9.5
2732358997,zealous cream swallow,1,MDAxNTMsMzcuODA1MjksLTEyMi40NDY5OQA=,-117,152,1.5,SF10,1577224489,54:48.7,#ERROR!,153,37.80529,-122.44699,1,54:48.7,-7.75
1267663088,zealous cream swallow,1,MDAxNTQsMzcuODA1MjcsLTEyMi40NDcxNgA=,-111,153,-4.75,SF10,1577224499,54:59.0,"00154,37.80527,-122.44716",154,37.80527,-122.44716,0,54:59.0,-4.75
,,,,,,,,,,,155,37.80524,-122.44748,,,
1001179659,genuine alabaster badger,1,MDAxNTYsMzcuODA1MTAsLTEyMi40NDgwMQA=,-120,155,-13.75,SF10,1577224519,55:18.9,#ERROR!,156,37.8051,-122.44801,0,55:18.9,-13.75
1501860625,genuine alabaster badger,1,MDAxNTcsMzcuODA1MDgsLTEyMi40NDgwMwA=,-117,156,-7.5,SF10,1577224529,55:29.3,"00157,37.80508,-122.44803",157,37.80508,-122.44803,2,55:29.3,-1
3012939240,genuine alabaster badger,1,MDAxNTgsMzcuODA1MDgsLTEyMi40NDgwMwA=,-117,157,-14.5,SF10,1577224539,55:38.8,"00158,37.80508,-122.44803",158,37.80508,-122.44803,1,55:38.8,-11.25
848087716,genuine alabaster badger,1,MDAxNTksMzcuODA1MDksLTEyMi40NDgxMwA=,-116,158,-4.25,SF10,1577224549,55:49.2,#ERROR!,159,37.80509,-122.44813,1,55:49.2,-0.75
2841842920,zealous cream swallow,1,MDAxNjAsMzcuODA1MDIsLTEyMi40NDg1NAA=,-120,159,2.75,SF10,1577224559,55:58.7,#ERROR!,160,37.80502,-122.44854,0,55:58.7,2.75
,,,,,,,,,,,161,37.80488,-122.44947,,,
,,,,,,,,,,,162,37.80476,-122.45034,,,
,,,,,,,,,,,163,37.80471,-122.45092,,,
,,,,,,,,,,,164,37.80496,-122.45098,,,
2663704242,clean lava sheep,1,MDAxNjUsMzcuODA1MjksLTEyMi40NTEwNgA=,-117,164,-12.5,SF10,1577224610,56:49.6,"00165,37.80529,-122.45106",165,37.80529,-122.45106,0,56:49.6,-12.5
1032881957,mini orchid swallow,1,MDAxNjYsMzcuODA1NTAsLTEyMi40NTExMQA=,-117,165,-11.75,SF10,1577224619,56:59.1,#ERROR!,166,37.8055,-122.45111,0,56:59.1,-11.75
377920932,mini orchid swallow,1,MDAxNjcsMzcuODA1NzcsLTEyMi40NTExNQA=,-114,166,-8.75,SF10,1577224629,57:08.6,#ERROR!,167,37.80577,-122.45115,1,57:10.4,-13
,,,,,,,,,,,168,37.80592,-122.45133,,,
,,,,,,,,,,,169,37.80589,-122.45184,,,
,,,,,,,,,,,170,37.8057,-122.45194,,,
956853172,skinny cider scallop,1,MDAxNzEsMzcuODA1NDUsLTEyMi40NTE3OQA=,-112,170,-9.5,SF10,1577224669,57:49.2,"00171,37.80545,-122.45179",171,37.80545,-122.45179,1,57:49.2,-13.25
95618662,mini orchid swallow,1,MDAxNzIsMzcuODA1NTIsLTEyMi40NTEyOQA=,-118,171,-4.25,SF10,1577224679,57:58.8,#ERROR!,172,37.80552,-122.45129,1,57:58.8,-12
2798981771,chilly rainbow bear,1,MDAxNzMsMzcuODA1NDEsLTEyMi40NTExMwA=,-120,172,-4.75,SF10,1577224690,58:10.0,"00173,37.80541,-122.45113",173,37.80541,-122.45113,0,58:10.0,-4.75
,,,,,,,,,,,174,37.80495,-122.451,,,
,,,,,,,,,,,175,37.80468,-122.4509,,,
,,,,,,,,,,,176,37.80469,-122.45034,,,
,,,,,,,,,,,177,37.8048,-122.44954,,,
2984078101,genuine alabaster badger,1,MDAxNzgsMzcuODA0OTIsLTEyMi40NDg3MwA=,-116,177,-12.25,SF10,1577224740,59:00.1,"00178,37.80492,-122.44873",178,37.80492,-122.44873,0,59:00.1,-12.25
,,,,,,,,,,,179,37.80472,-122.44845,,,
,,,,,,,,,,,180,37.80431,-122.44933,,,
,,,,,,,,,,,181,37.8039,-122.45055,,,
2296974082,zealous cream swallow,1,MDAxODIsMzcuODAzNTcsLTEyMi40NTEyMAA=,-118,181,-9.25,SF10,1577224780,59:39.8,"00182,37.80357,-122.45120",182,37.80357,-122.4512,0,59:39.8,-9.25
,,,,,,,,,,,183,37.80342,-122.45145,,,
,,,,,,,,,,,184,37.80299,-122.4521,,,
,,,,,,,,,,,185,37.80291,-122.45217,,,
,,,,,,,,,,,186,37.80264,-122.45249,,,
,,,,,,,,,,,187,37.80216,-122.45288,,,
,,,,,,,,,,,188,37.80187,-122.45307,,,
,,,,,,,,,,,189,37.80126,-122.45347,,,
,,,,,,,,,,,190,37.80079,-122.4538,,,
,,,,,,,,,,,191,37.80077,-122.45419,,,
,,,,,,,,,,,192,37.80109,-122.45502,,,
,,,,,,,,,,,193,37.80144,-122.45583,,,
,,,,,,,,,,,194,37.80161,-122.45623,,,
,,,,,,,,,,,195,37.80173,-122.45658,,,
,,,,,,,,,,,196,37.80188,-122.45721,,,
2131331556,skinny cider scallop,1,MDAxOTcsMzcuODAxODIsLTEyMi40NTc4NwA=,-123,196,-11,SF10,1577224930,02:10.2,"00197,37.80182,-122.45787",197,37.80182,-122.45787,0,02:10.2,-11
,,,,,,,,,,,198,37.80125,-122.45829,,,
1979100662,zealous cream swallow,1,MDAxOTksMzcuODAwNjEsLTEyMi40NTg3OAA=,-112,198,-4,SF10,1577224950,02:30.0,"00199,37.80061,-122.45878",199,37.80061,-122.45878,0,02:30.0,-4
2073141093,digital berry duck,1,MDAyMDAsMzcuODAwMDAsLTEyMi40NTkyNQA=,-117,199,-13.5,SF10,1577224959,02:38.7,"00200,37.80000,-122.45925",200,37.8,-122.45925,0,02:38.7,-13.5
1936404522,zealous cream swallow,1,MDAyMDEsMzcuNzk5NjEsLTEyMi40NTk1NgA=,-121,200,-11.25,SF10,1577224969,02:49.1,#ERROR!,201,37.79961,-122.45956,0,02:49.1,-11.25
,,,,,,,,,,,202,37.79972,-122.45997,,,
,,,,,,,,,,,203,37.80013,-122.46052,,,
2751390007,zealous cream swallow,1,MDAyMDQsMzcuODAwNzIsLTEyMi40NjEwMgA=,-120,203,-5.75,SF10,1577224999,03:19.3,#ERROR!,204,37.80072,-122.46102,0,03:19.3,-5.75
,,,,,,,,,,,205,37.80131,-122.46157,,,
904913414,zealous cream swallow,1,MDAyMDYsMzcuODAxNDksLTEyMi40NjI2MQA=,-111,205,-4.75,SF10,1577225019,03:39.2,#ERROR!,206,37.80149,-122.46261,0,03:39.2,-4.75
,,,,,,,,,,,207,37.80172,-122.46372,,,
1031436815,skinny cider scallop,1,MDAyMDgsMzcuODAxNjksLTEyMi40NjQ3MgA=,-118,207,-8.5,SF10,1577225039,03:59.0,#ERROR!,208,37.80169,-122.46472,0,03:59.0,-8.5
,,,,,,,,,,,209,37.80098,-122.46516,,,
,,,,,,,,,,,210,37.80047,-122.46596,,,
,,,,,,,,,,,211,37.79998,-122.46647,,,
,,,,,,,,,,,212,37.79967,-122.4671,,,
,,,,,,,,,,,213,37.79976,-122.46771,,,
,,,,,,,,,,,214,37.80035,-122.46806,,,
,,,,,,,,,,,215,37.80079,-122.46888,,,
,,,,,,,,,,,216,37.80111,-122.46916,,,
,,,,,,,,,,,217,37.80197,-122.46906,,,
,,,,,,,,,,,218,37.80293,-122.46896,,,
,,,,,,,,,,,219,37.80387,-122.4693,,,
449759304,digital berry duck,1,MDAyMjAsMzcuODA0NTYsLTEyMi40Njk5NgA=,-120,219,-9,SF10,1577225160,06:00.0,"00220,37.80456,-122.46996",220,37.80456,-122.46996,0,12/24/2019 14:06,-9
1490205264,zealous cream swallow,1,MDAyMjEsMzcuODA1MzgsLTEyMi40Njk4OQA=,-110,220,6,SF10,1577225169,06:08.6,"00221,37.80538,-122.46989",221,37.80538,-122.46989,2,06:10.4,0
2709866373,skinny cider scallop,1,MDAyMjIsMzcuODA2MDUsLTEyMi40NzA0MwA=,-116,221,2.75,SF10,1577225179,06:19.0,"00222,37.80605,-122.47043",222,37.80605,-122.47043,1,06:19.0,7.75
,,,,,,,,,,,223,37.8064,-122.47143,,,
2067426426,skinny cider scallop,1,MDAyMjQsMzcuODA2ODUsLTEyMi40NzIyMQA=,-126,223,-8.25,SF10,1577225199,06:38.9,"00224,37.80685,-122.47221",224,37.80685,-122.47221,0,06:38.9,-8.25
,,,,,,,,,,,225,37.80685,-122.473,,,
1268827069,skinny cider scallop,1,MDAyMjYsMzcuODA2NzYsLTEyMi40NzM0MAA=,-121,225,-9.25,SF10,1577225219,06:58.8,#ERROR!,226,37.80676,-122.4734,1,06:58.8,-5.25
2312019640,zealous cream swallow,1,MDAyMjcsMzcuODA2NTksLTEyMi40NzQwMQA=,-104,226,-3.5,SF10,1577225229,07:09.1,"00227,37.80659,-122.47401",227,37.80659,-122.47401,0,07:09.1,-3.5
,,,,,,,,,,,228,37.80613,-122.47474,,,
,,,,,,,,,,,229,37.80558,-122.4754,,,
,,,,,,,,,,,230,37.80482,-122.47564,,,
,,,,,,,,,,,231,37.8045,-122.47568,,,
,,,,,,,,,,,232,37.80395,-122.47572,,,
960801764,zealous cream swallow,1,MDAyMzMsMzcuODAzMzIsLTEyMi40NzYwNAA=,-121,232,3,SF10,1577225289,08:08.7,"00233,37.80332,-122.47604",233,37.80332,-122.47604,0,08:08.7,3
,,,,,,,,,,,234,37.80262,-122.47648,,,
,,,,,,,,,,,235,37.80188,-122.4772,,,
,,,,,,,,,,,236,37.80109,-122.47763,,,
,,,,,,,,,,,237,37.80049,-122.47808,,,
,,,,,,,,,,,238,37.80009,-122.4783,,,
,,,,,,,,,,,239,37.79927,-122.47848,,,
,,,,,,,,,,,240,37.79885,-122.4787,,,
,,,,,,,,,,,241,37.79835,-122.47893,,,
,,,,,,,,,,,242,37.79763,-122.4787,,,
,,,,,,,,,,,243,37.797,-122.47908,,,
,,,,,,,,,,,244,37.79628,-122.47961,,,
,,,,,,,,,,,245,37.79555,-122.4801,,,
,,,,,,,,,,,246,37.79473,-122.4805,,,
,,,,,,,,,,,247,37.79369,-122.48059,,,
,,,,,,,,,,,248,37.79283,-122.48095,,,
,,,,,,,,,,,249,37.79239,-122.48101,,,
,,,,,,,,,,,250,37.79168,-122.48125,,,
,,,,,,,,,,,251,37.79066,-122.4816,,,
,,,,,,,,,,,252,37.78955,-122.48199,,,
,,,,,,,,,,,253,37.78887,-122.48225,,,
,,,,,,,,,,,254,37.78839,-122.48267,,,
,,,,,,,,,,,255,37.78787,-122.48356,,,
,,,,,,,,,,,256,37.7877,-122.4846,,,
,,,,,,,,,,,257,37.78768,-122.48521,,,
,,,,,,,,,,,258,37.78764,-122.48592,,,
,,,,,,,,,,,259,37.78761,-122.4864,,,
,,,,,,,,,,,260,37.78757,-122.48718,,,
,,,,,,,,,,,261,37.78756,-122.48754,,,
,,,,,,,,,,,262,37.78763,-122.48832,,,
,,,,,,,,,,,263,37.78766,-122.48922,,,
,,,,,,,,,,,264,37.7875,-122.48966,,,
,,,,,,,,,,,265,37.78694,-122.48983,,,
,,,,,,,,,,,266,37.78649,-122.49028,,,
,,,,,,,,,,,267,37.78632,-122.49062,,,
,,,,,,,,,,,268,37.78617,-122.49139,,,
,,,,,,,,,,,269,37.78646,-122.4922,,,
3757657264,mythical garnet eagle,1,MDAyNzAsMzcuNzg2NzEsLTEyMi40OTI4MwA=,-119,269,-11.25,SF10,1577225660,14:20.3,#ERROR!,270,37.78671,-122.49283,3,14:20.3,-11.25
,,,,,,,,,,,271,37.78663,-122.49315,,,
,,,,,,,,,,,272,37.7865,-122.49372,,,
,,,,,,,,,,,273,37.78611,-122.49432,,,
,,,,,,,,,,,274,37.78583,-122.4951,,,
,,,,,,,,,,,275,37.78581,-122.49606,,,
,,,,,,,,,,,276,37.78599,-122.497,,,
,,,,,,,,,,,277,37.78623,-122.49776,,,
,,,,,,,,,,,278,37.78632,-122.49805,,,
,,,,,,,,,,,279,37.78642,-122.49866,,,
,,,,,,,,,,,280,37.78637,-122.49934,,,
,,,,,,,,,,,281,37.78603,-122.49993,,,
,,,,,,,,,,,282,37.78566,-122.50031,,,
,,,,,,,,,,,283,37.78524,-122.49992,,,
,,,,,,,,,,,284,37.78476,-122.49953,,,
,,,,,,,,,,,285,37.78424,-122.49918,,,
,,,,,,,,,,,286,37.78379,-122.49865,,,
,,,,,,,,,,,287,37.78338,-122.498,,,
,,,,,,,,,,,288,37.78314,-122.49725,,,
,,,,,,,,,,,289,37.78292,-122.49638,,,
,,,,,,,,,,,290,37.78257,-122.49551,,,
,,,,,,,,,,,291,37.78212,-122.4948,,,
1157589821,proper felt wolf,1,MDAyOTIsMzcuNzgxNjksLTEyMi40OTQ1NwA=,-118,291,-13.75,SF10,1577225879,17:58.8,#ERROR!,292,37.78169,-122.49457,0,17:58.8,-13.75
3481131550,proper felt wolf,1,MDAyOTMsMzcuNzgxNjAsLTEyMi40OTQ2NwA=,-118,292,-8.5,SF10,1577225889,18:09.2,#ERROR!,293,37.7816,-122.49467,0,18:09.2,-8.5
3808697435,proper felt wolf,1,MDAyOTQsMzcuNzgxNTgsLTEyMi40OTU0NQA=,-120,293,-10.25,SF10,1577225899,18:18.7,#ERROR!,294,37.78158,-122.49545,0,18:18.7,-10.25
943780497,proper felt wolf,1,MDAyOTUsMzcuNzgxNTQsLTEyMi40OTY0MQA=,-118,294,-7,SF10,1577225909,18:29.1,"00295,37.78154,-122.49641",295,37.78154,-122.49641,0,18:29.1,-7
3131173699,proper felt wolf,1,MDAyOTYsMzcuNzgxNDksLTEyMi40OTc0MQA=,-118,295,-10.25,SF10,1577225919,18:38.6,"00296,37.78149,-122.49741",296,37.78149,-122.49741,0,18:38.6,-10.25
,,,,,,,,,,,297,37.78146,-122.49812,,,
,,,,,,,,,,,1,37.7711,-122.51125,,,
,,,,,,,,,,,2,37.7711,-122.51125,,,
,,,,,,,,,,,3,37.7711,-122.51126,,,
,,,,,,,,,,,4,37.7711,-122.51125,,,
,,,,,,,,,,,5,37.7711,-122.51125,,,
,,,,,,,,,,,6,37.77098,-122.51118,,,
,,,,,,,,,,,7,37.77064,-122.51111,,,
,,,,,,,,,,,8,37.77058,-122.51111,,,
,,,,,,,,,,,9,37.77047,-122.51109,,,
,,,,,,,,,,,10,37.76973,-122.51098,,,
,,,,,,,,,,,11,37.76876,-122.5108,,,
,,,,,,,,,,,12,37.76761,-122.51055,,,
,,,,,,,,,,,13,37.76639,-122.51041,,,
,,,,,,,,,,,14,37.76522,-122.51049,,,
,,,,,,,,,,,15,37.76433,-122.51054,,,
,,,,,,,,,,,16,37.76419,-122.51053,,,
,,,,,,,,,,,17,37.76419,-122.51051,,,
,,,,,,,,,,,18,37.76419,-122.51051,,,
,,,,,,,,,,,19,37.76395,-122.51049,,,
,,,,,,,,,,,20,37.76304,-122.51036,,,
,,,,,,,,,,,21,37.76201,-122.51024,,,
,,,,,,,,,,,22,37.76098,-122.51011,,,
,,,,,,,,,,,23,37.75983,-122.50996,,,
,,,,,,,,,,,24,37.75873,-122.5098,,,
,,,,,,,,,,,25,37.75772,-122.50968,,,
,,,,,,,,,,,26,37.75668,-122.50954,,,
,,,,,,,,,,,27,37.75555,-122.5094,,,
,,,,,,,,,,,28,37.7546,-122.50928,,,
,,,,,,,,,,,29,37.75369,-122.50915,,,
,,,,,,,,,,,30,37.7529,-122.50906,,,
,,,,,,,,,,,31,37.75288,-122.50906,,,
,,,,,,,,,,,32,37.75288,-122.50906,,,
,,,,,,,,,,,33,37.75267,-122.50903,,,
,,,,,,,,,,,34,37.75186,-122.50893,,,
3181835493,glamorous tortilla turtle,1,MDAwMzUsMzcuNzUwODUsLTEyMi41MDg4MAA=,-117,34,-10.5,SF10,1577226792,33:12.1,"00035,37.75085,-122.50880",35,37.75085,-122.5088,0,33:12.1,-10.5
2228793232,glamorous tortilla turtle,1,MDAwMzYsMzcuNzQ5NzcsLTEyMi41MDg2NwA=,-117,35,-8.75,SF10,1577226802,33:21.6,#ERROR!,36,37.74977,-122.50867,0,33:21.6,-8.75
,,,,,,,,,,,37,37.74854,-122.50851,,,
,,,,,,,,,,,38,37.74735,-122.50834,,,
,,,,,,,,,,,39,37.74616,-122.5082,,,
,,,,,,,,,,,40,37.7449,-122.50803,,,
,,,,,,,,,,,41,37.74364,-122.50787,,,
,,,,,,,,,,,42,37.74237,-122.5077,,,
,,,,,,,,,,,43,37.74103,-122.50754,,,
,,,,,,,,,,,44,37.73975,-122.50737,,,
,,,,,,,,,,,45,37.73856,-122.5072,,,
,,,,,,,,,,,46,37.73745,-122.50705,,,
,,,,,,,,,,,47,37.73641,-122.50694,,,
,,,,,,,,,,,48,37.73543,-122.50688,,,
,,,,,,,,,,,49,37.73434,-122.50697,,,
,,,,,,,,,,,50,37.73316,-122.50722,,,
,,,,,,,,,,,51,37.73188,-122.50709,,,
,,,,,,,,,,,52,37.73053,-122.50682,,,
,,,,,,,,,,,53,37.72915,-122.50654,,,
,,,,,,,,,,,54,37.7277,-122.50626,,,
,,,,,,,,,,,55,37.72646,-122.50539,,,
,,,,,,,,,,,56,37.72565,-122.50412,,,
,,,,,,,,,,,57,37.72525,-122.50326,,,
,,,,,,,,,,,58,37.72523,-122.5032,,,
,,,,,,,,,,,59,37.72543,-122.50293,,,
,,,,,,,,,,,60,37.72642,-122.50254,,,
,,,,,,,,,,,61,37.72764,-122.50203,,,
,,,,,,,,,,,62,37.72887,-122.5014,,,
,,,,,,,,,,,63,37.73001,-122.50047,,,
,,,,,,,,,,,64,37.73114,-122.49931,,,
,,,,,,,,,,,65,37.7322,-122.49821,,,
,,,,,,,,,,,66,37.73313,-122.49725,,,
,,,,,,,,,,,67,37.73366,-122.49625,,,
,,,,,,,,,,,68,37.73381,-122.49487,,,
,,,,,,,,,,,69,37.73386,-122.49348,,,
,,,,,,,,,,,70,37.73392,-122.4922,,,
,,,,,,,,,,,71,37.73398,-122.49084,,,
,,,,,,,,,,,72,37.73401,-122.48952,,,
,,,,,,,,,,,73,37.73407,-122.48809,,,
,,,,,,,,,,,74,37.73415,-122.48664,,,
,,,,,,,,,,,75,37.7342,-122.48515,,,
,,,,,,,,,,,76,37.73427,-122.48365,,,
,,,,,,,,,,,77,37.73434,-122.48212,,,
,,,,,,,,,,,78,37.73441,-122.48065,,,
,,,,,,,,,,,79,37.73446,-122.47929,,,
,,,,,,,,,,,80,37.73455,-122.47799,,,
,,,,,,,,,,,81,37.73457,-122.47675,,,
,,,,,,,,,,,82,37.73458,-122.47592,,,
,,,,,,,,,,,83,37.73459,-122.47578,,,
,,,,,,,,,,,84,37.73458,-122.47575,,,
,,,,,,,,,,,85,37.73456,-122.47572,,,
,,,,,,,,,,,86,37.73456,-122.47551,,,
,,,,,,,,,,,87,37.73455,-122.47491,,,
,,,,,,,,,,,88,37.73457,-122.474,,,
,,,,,,,,,,,89,37.73462,-122.47289,,,
,,,,,,,,,,,90,37.73465,-122.47183,,,
,,,,,,,,,,,91,37.73513,-122.47105,,,
,,,,,,,,,,,92,37.73589,-122.47021,,,
,,,,,,,,,,,93,37.73665,-122.46934,,,
,,,,,,,,,,,94,37.73711,-122.46875,,,
,,,,,,,,,,,95,37.73718,-122.4687,,,
,,,,,,,,,,,96,37.73751,-122.46818,,,
,,,,,,,,,,,97,37.73818,-122.46737,,,
,,,,,,,,,,,98,37.73889,-122.4666,,,
,,,,,,,,,,,99,37.73949,-122.46559,,,
,,,,,,,,,,,100,37.73988,-122.46433,,,
,,,,,,,,,,,101,37.74001,-122.46325,,,
,,,,,,,,,,,102,37.74012,-122.46221,,,
,,,,,,,,,,,103,37.74025,-122.46088,,,
,,,,,,,,,,,104,37.74036,-122.45983,,,
,,,,,,,,,,,105,37.74033,-122.45976,,,
,,,,,,,,,,,106,37.74032,-122.45972,,,
,,,,,,,,,,,107,37.74041,-122.45906,,,
,,,,,,,,,,,108,37.7407,-122.45801,,,
,,,,,,,,,,,109,37.74126,-122.45693,,,
,,,,,,,,,,,110,37.74194,-122.45592,,,
1075188609,jovial rainbow lark,1,MDAxMTEsMzcuNzQyNjgsLTEyMi40NTU0NwA=,-122,110,-12.25,SF10,1577227553,45:53.3,"00111,37.74268,-122.45547",111,37.74268,-122.45547,0,45:53.3,-12.25
,,,,,,,,,,,112,37.74292,-122.4553,,,
,,,,,,,,,,,113,37.74294,-122.45528,,,
,,,,,,,,,,,114,37.74334,-122.45493,,,
,,,,,,,,,,,115,37.74399,-122.45419,,,
,,,,,,,,,,,116,37.74447,-122.45349,,,
3691731652,jovial rainbow lark,1,MDAxMTcsMzcuNzQ0NDYsLTEyMi40NTM0OQA=,-122,116,-13,SF10,1577227612,46:52.0,#ERROR!,117,37.74446,-122.45349,0,46:52.0,-13
4019637867,mythical garnet eagle,1,MDAxMTgsMzcuNzQ0NDUsLTEyMi40NTM0OAA=,-118,117,-15,SF10,1577227623,47:03.3,#ERROR!,118,37.74445,-122.45348,4,47:03.3,-15
814906648,jovial rainbow lark,1,MDAxMTksMzcuNzQ0NDUsLTEyMi40NTM0OQA=,-123,118,-14.75,SF10,1577227632,47:11.9,#ERROR!,119,37.74445,-122.45349,0,47:11.9,-14.75
,,,,,,,,,,,120,37.74445,-122.45351,,,
741864620,jovial rainbow lark,1,MDAxMjEsMzcuNzQ0NzEsLTEyMi40NTMwNwA=,-119,120,-5,SF10,1577227652,47:31.8,#ERROR!,121,37.74471,-122.45307,0,47:31.8,-5
,,,,,,,,,,,122,37.74506,-122.45247,,,
3397838453,sour honey llama,1,MDAxMjMsMzcuNzQ1MzEsLTEyMi40NTIxNQA=,-118,122,-11.5,SF10,1577227672,47:51.6,#ERROR!,123,37.74531,-122.45215,0,47:51.6,-11.5
,,,,,,,,,,,124,37.74539,-122.452,,,
,,,,,,,,,,,125,37.74567,-122.4512,,,
,,,,,,,,,,,126,37.74579,-122.45097,,,
,,,,,,,,,,,127,37.74579,-122.45096,,,
,,,,,,,,,,,128,37.74583,-122.4509,,,
,,,,,,,,,,,129,37.74622,-122.45055,,,
,,,,,,,,,,,130,37.74652,-122.44969,,,
,,,,,,,,,,,131,37.74711,-122.44909,,,
,,,,,,,,,,,132,37.74789,-122.44869,,,
,,,,,,,,,,,133,37.74875,-122.44818,,,
,,,,,,,,,,,134,37.74945,-122.44769,,,
,,,,,,,,,,,135,37.74912,-122.4469,,,
,,,,,,,,,,,136,37.74878,-122.4459,,,
552777494,wonderful crepe perch,1,MDAxMzcsMzcuNzQ5NDEsLTEyMi40NDU5NwA=,-114,136,-2.25,SF10,1577227812,50:11.6,"00137,37.74941,-122.44597",137,37.74941,-122.44597,2,50:13.3,-7.5
,,,,,,,,,,,138,37.74996,-122.44691,,,
,,,,,,,,,,,139,37.75029,-122.44788,,,
,,,,,,,,,,,140,37.7499,-122.44854,,,
169967899,jovial rainbow lark,1,MDAxNDEsMzcuNzQ5MjEsLTEyMi40NDkxNQA=,-116,140,1.75,SF10,1577227852,50:52.2,"00141,37.74921,-122.44915",141,37.74921,-122.44915,0,50:52.2,1.75
3564733562,jovial rainbow lark,1,MDAxNDIsMzcuNzQ5NTIsLTEyMi40NDk3MQA=,-118,141,0.75,SF10,1577227862,51:01.7,#ERROR!,142,37.74952,-122.44971,5,51:02.6,-7.75
1447593997,attractive bamboo mandrill,1,MDAxNDMsMzcuNzUwMzEsLTEyMi40NDk0OQA=,-120,142,-11.75,SF10,1577227872,51:12.1,"00143,37.75031,-122.44949",143,37.75031,-122.44949,1,51:12.1,-7
2175602889,jovial rainbow lark,1,MDAxNDQsMzcuNzUwODcsLTEyMi40NDg4MgA=,-120,143,-11.25,SF10,1577227882,51:21.6,"00144,37.75087,-122.44882",144,37.75087,-122.44882,0,51:21.6,-11.25
,,,,,,,,,,,145,37.75161,-122.44848,,,
,,,,,,,,,,,146,37.75219,-122.44791,,,
,,,,,,,,,,,147,37.75281,-122.44778,,,
760628272,quaint inky pig,1,MDAxNDgsMzcuNzUzNTEsLTEyMi40NDgxNgA=,-122,147,-12.5,SF10,1577227922,52:02.2,"00148,37.75351,-122.44816",148,37.75351,-122.44816,3,52:02.2,-12.5
2044055713,zealous seaweed bison,1,MDAxNDksMzcuNzUzODMsLTEyMi40NDc1NAA=,-122,148,-14,SF10,1577227932,52:11.7,"00149,37.75383,-122.44754",149,37.75383,-122.44754,2,52:11.7,-1.75
3792567440,short inky cuckoo,1,MDAxNTAsMzcuNzUzOTksLTEyMi40NDc0MAA=,-124,149,-16.5,SF10,1577227943,52:22.9,"00150,37.75399,-122.44740",150,37.75399,-122.4474,0,52:22.9,-16.5
1600444458,mythical garnet eagle,1,MDAxNTEsMzcuNzU0NDAsLTEyMi40NDc1MAA=,-127,150,-13.75,SF10,1577227952,52:31.6,"00151,37.75440,-122.44750",151,37.7544,-122.4475,6,52:31.6,-4.5
3406957103,generous pineapple spider,1,MDAxNTIsMzcuNzU1MDgsLTEyMi40NDc4MgA=,-120,151,-12.75,SF10,1577227963,52:42.8,"00152,37.75508,-122.44782",152,37.75508,-122.44782,2,52:42.0,1.75
684905126,zealous seaweed bison,1,MDAxNTMsMzcuNzU1NzgsLTEyMi40NDc4NgA=,-120,152,-10.5,SF10,1577227972,52:52.3,#ERROR!,153,37.75578,-122.44786,5,52:52.3,5.5
3941051229,plain crepe pheasant,1,MDAxNTQsMzcuNzU1ODMsLTEyMi40NDc3NgA=,-122,153,-9.5,SF10,1577227982,53:01.8,"00154,37.75583,-122.44776",154,37.75583,-122.44776,4,53:01.8,-9.5
3655469100,attractive bamboo mandrill,1,MDAxNTUsMzcuNzU1NTcsLTEyMi40NDcyMAA=,-114,154,-1.75,SF10,1577227992,53:12.2,#ERROR!,155,37.75557,-122.4472,3,53:12.2,-4.75
1083683019,wonderful crepe perch,1,MDAxNTYsMzcuNzU1NDYsLTEyMi40NDYyNAA=,-112,155,-6.75,SF10,1577228002,53:21.7,"00156,37.75546,-122.44624",156,37.75546,-122.44624,5,53:21.7,-5
2863071030,savory tortilla rattlesnake,1,MDAxNTcsMzcuNzU1NzYsLTEyMi40NDUyNAA=,-118,156,-6,SF10,1577228012,53:32.1,"00157,37.75576,-122.44524",157,37.75576,-122.44524,6,53:32.1,-4.25
2667046913,attractive bamboo mandrill,1,MDAxNTgsMzcuNzU1OTEsLTEyMi40NDU5MgA=,-116,157,4.25,SF10,1577228022,53:42.4,"00158,37.75591,-122.44592",158,37.75591,-122.44592,0,53:42.4,4.25
39300252,attractive bamboo mandrill,1,MDAxNTksMzcuNzU2MzYsLTEyMi40NDY3NgA=,-115,158,1.25,SF10,1577228032,53:51.9,#ERROR!,159,37.75636,-122.44676,0,53:51.9,1.25
1514228551,massive misty kitten,1,MDAxNjAsMzcuNzU3MDMsLTEyMi40NDcyNAA=,-115,159,-5.75,SF10,1577228042,54:02.3,#ERROR!,160,37.75703,-122.44724,0,54:02.3,-5.75
3384306290,zealous seaweed bison,1,MDAxNjEsMzcuNzU3NTgsLTEyMi40NDc5NQA=,-108,160,-6,SF10,1577228052,54:11.8,#ERROR!,161,37.75758,-122.44795,1,54:11.8,-4.5
2321375661,attractive bamboo mandrill,1,MDAxNjIsMzcuNzU4MzMsLTEyMi40NDg0MwA=,-121,161,3.75,SF10,1577228062,54:22.2,#ERROR!,162,37.75833,-122.44843,1,54:22.2,-8.75
2538241132,attractive bamboo mandrill,1,MDAxNjMsMzcuNzU4OTQsLTEyMi40NDg0OQA=,-115,162,3.75,SF10,1577228072,54:31.7,#ERROR!,163,37.75894,-122.44849,0,54:31.7,3.75
3393778417,tangy inky koala,1,MDAxNjQsMzcuNzU5MDgsLTEyMi40NDc5MgA=,-116,163,-14.5,SF10,1577228082,54:42.0,#ERROR!,164,37.75908,-122.44792,0,54:42.0,-14.5
861209088,massive misty kitten,1,MDAxNjUsMzcuNzU5NjQsLTEyMi40NDcyMAA=,-121,164,-4,SF10,1577228092,54:52.4,"00165,37.75964,-122.44720",165,37.75964,-122.4472,5,54:52.4,6.5
4239707494,massive misty kitten,1,MDAxNjYsMzcuNzYwNDIsLTEyMi40NDY4OAA=,-118,165,-7.5,SF10,1577228102,55:01.9,Loading...,166,37.76042,-122.44688,0,55:01.9,-7.5
1839374293,savory tortilla rattlesnake,1,MDAxNjcsMzcuNzYwNzMsLTEyMi40NDY2OQA=,-123,166,-9,SF10,1577228112,55:12.3,"00167,37.76073,-122.44669",167,37.76073,-122.44669,4,55:12.3,-7.25
3929080256,stable chambray sawfish,1,MDAxNjgsMzcuNzYwNzEsLTEyMi40NDY2OQA=,-121,167,-15.5,SF10,1577228122,55:21.8,#ERROR!,168,37.76071,-122.44669,3,55:21.8,-15.5
797896077,massive misty kitten,1,MDAxNjksMzcuNzYwNzIsLTEyMi40NDY2OQA=,-123,168,-10,SF10,1577228132,55:32.2,Loading...,169,37.76072,-122.44669,2,55:32.2,-15.5
,,,,,,,,,,,170,37.76077,-122.44667,,,
,,,,,,,,,,,171,37.76125,-122.44652,,,
,,,,,,,,,,,172,37.76171,-122.44665,,,
,,,,,,,,,,,173,37.76178,-122.44595,,,
2430563406,massive misty kitten,1,MDAxNzQsMzcuNzYxODcsLTEyMi40NDUzNwA=,-122,173,-4.5,SF10,1577228182,56:22.3,"00174,37.76187,-122.44537",174,37.76187,-122.44537,0,56:22.3,-4.5
894888881,massive misty kitten,1,MDAxNzUsMzcuNzYxOTMsLTEyMi40NDQ1OAA=,-122,174,-2.5,SF10,1577228192,56:31.8,"00175,37.76193,-122.44458",175,37.76193,-122.44458,0,56:31.8,-2.5
894873010,prehistoric ash woodpecker,1,MDAxNzYsMzcuNzYxOTksLTEyMi40NDM2NgA=,-117,175,-14.5,SF10,1577228203,56:43.0,#ERROR!,176,37.76199,-122.44366,0,56:43.0,-14.5
2410842486,massive misty kitten,1,MDAxNzcsMzcuNzYyMDYsLTEyMi40NDI3NgA=,-123,176,-8.5,SF10,1577228212,56:51.6,#ERROR!,177,37.76206,-122.44276,0,56:51.6,-8.5
,,,,,,,,,,,178,37.76213,-122.44201,,,
,,,,,,,,,,,179,37.7622,-122.44109,,,
719819335,prehistoric ash woodpecker,1,MDAxODAsMzcuNzYyMjEsLTEyMi40NDAyOAA=,-111,179,0.75,SF10,1577228242,57:21.9,#ERROR!,180,37.76221,-122.44028,1,57:21.9,-9.75
,,,,,,,,,,,181,37.76224,-122.43974,,,
600702266,massive misty kitten,1,MDAxODIsMzcuNzYyMzEsLTEyMi40Mzg5NAA=,-123,181,-4.5,SF10,1577228262,57:41.8,"00182,37.76231,-122.43894",182,37.76231,-122.43894,0,57:41.8,-4.5
3248220945,zealous seaweed bison,1,MDAxODMsMzcuNzYyMjMsLTEyMi40Mzg0NQA=,-118,182,-10.75,SF10,1577228272,57:52.1,#ERROR!,183,37.76223,-122.43845,0,57:52.1,-10.75
1586331724,massive misty kitten,1,MDAxODQsMzcuNzYxODgsLTEyMi40Mzg0MgA=,-122,183,-5,SF10,1577228282,58:01.6,"00184,37.76188,-122.43842",184,37.76188,-122.43842,1,58:01.6,-9.25
1395889793,massive misty kitten,1,MDAxODUsMzcuNzYxODYsLTEyMi40Mzg0MAA=,-122,184,-9.25,SF10,1577228292,58:12.0,"00185,37.76186,-122.43840",185,37.76186,-122.4384,1,12/24/2019 14:58,-13
3169571302,zealous seaweed bison,1,MDAxODYsMzcuNzYxODMsLTEyMi40MzgzOQA=,-117,185,-14.75,SF10,1577228302,58:22.4,#ERROR!,186,37.76183,-122.43839,0,58:22.4,-14.75
557904036,zealous seaweed bison,1,MDAxODcsMzcuNzYxODMsLTEyMi40MzgzOQA=,-118,186,-8,SF10,1577228312,58:31.9,"00187,37.76183,-122.43839",187,37.76183,-122.43839,4,58:31.9,-9
1110260487,massive misty kitten,1,MDAxODgsMzcuNzYxODEsLTEyMi40Mzg0MAA=,-115,187,-6.5,SF10,1577228322,58:42.2,"00188,37.76181,-122.43840",188,37.76181,-122.4384,2,58:42.2,-8.75
,,,,,,,,,,,189,37.76166,-122.4384,,,
,,,,,,,,,,,190,37.76099,-122.43831,,,
1583708331,massive misty kitten,1,MDAxOTEsMzcuNzYwNjEsLTEyMi40MzgyNwA=,-115,190,-2,SF10,1577228352,59:11.6,"00191,37.76061,-122.43827",191,37.76061,-122.43827,0,59:11.6,-2
2026780921,massive misty kitten,1,MDAxOTIsMzcuNzU5ODQsLTEyMi40MzgxOQA=,-118,191,-5.25,SF10,1577228362,59:22.0,"00192,37.75984,-122.43819",192,37.75984,-122.43819,2,59:22.0,-5
3685821088,zealous seaweed bison,1,MDAxOTMsMzcuNzU5MjEsLTEyMi40MzgxNwA=,-118,192,-5,SF10,1577228372,59:32.4,"00193,37.75921,-122.43817",193,37.75921,-122.43817,0,59:32.4,-5
3946193709,zealous seaweed bison,1,MDAxOTQsMzcuNzU4NzksLTEyMi40MzgxMgA=,-120,193,-6.25,SF10,1577228382,59:41.9,#ERROR!,194,37.75879,-122.43812,0,59:41.9,-6.25
1924863655,massive misty kitten,1,MDAxOTUsMzcuNzU4MjIsLTEyMi40MzgwNgA=,-123,194,3,SF10,1577228392,59:52.2,"00195,37.75822,-122.43806",195,37.75822,-122.43806,1,59:52.2,-4.5
1604984767,zealous seaweed bison,1,MDAxOTYsMzcuNzU3NjgsLTEyMi40MzgwMwA=,-120,195,-2.75,SF10,1577228402,00:01.7,"00196,37.75768,-122.43803",196,37.75768,-122.43803,1,00:01.7,4.25
1733488056,zealous seaweed bison,1,MDAxOTcsMzcuNzU3MzksLTEyMi40Mzc5OQA=,-118,196,-3.5,SF10,1577228412,00:12.1,"00197,37.75739,-122.43799",197,37.75739,-122.43799,1,00:12.1,-0.25
,,,,,,,,,,,198,37.75677,-122.43793,,,
,,,,,,,,,,,199,37.75607,-122.43787,,,
1126718236,dapper nylon rat,1,MDAyMDAsMzcuNzU1NDcsLTEyMi40Mzc4MQA=,-91,199,-1.5,SF10,1577228443,00:43.2,"00200,37.75547,-122.43781",200,37.75547,-122.43781,0,00:43.2,-1.5
826093418,dapper nylon rat,1,MDAyMDEsMzcuNzU0NzksLTEyMi40Mzc3NgA=,-100,200,2.25,SF10,1577228452,00:51.8,"00201,37.75479,-122.43776",201,37.75479,-122.43776,0,00:51.8,2.25
2262052064,massive misty kitten,1,MDAyMDIsMzcuNzU0NTIsLTEyMi40Mzc3MQA=,-122,201,-16.25,SF10,1577228462,01:02.2,"00202,37.75452,-122.43771",202,37.75452,-122.43771,1,01:02.2,-11
2916344389,dapper nylon rat,1,MDAyMDMsMzcuNzU0NTIsLTEyMi40Mzc2OAA=,-106,202,-2,SF10,1577228472,01:11.7,"00203,37.75452,-122.43768",203,37.75452,-122.43768,0,01:11.7,-2
2101406738,dapper nylon rat,1,MDAyMDQsMzcuNzU0MzAsLTEyMi40Mzc2OAA=,-100,203,-7.5,SF10,1577228482,01:22.1,#ERROR!,204,37.7543,-122.43768,0,01:22.1,-7.5
1127638072,dapper nylon rat,1,MDAyMDUsMzcuNzUzNjUsLTEyMi40Mzc2MwA=,-108,204,6.25,SF10,1577228492,01:31.6,#ERROR!,205,37.75365,-122.43763,1,01:33.3,-4.75
,,,,,,,,,,,206,37.75298,-122.43757,,,
3751634987,dapper nylon rat,1,MDAyMDcsMzcuNzUyNjksLTEyMi40Mzc0OAA=,-93,206,-0.25,SF10,1577228512,01:52.3,#ERROR!,207,37.75269,-122.43748,0,01:52.3,-0.25
,,,,,,,,,,,208,37.75276,-122.43678,,,
1005606276,orbiting malachite swan,1,MDAyMDksMzcuNzUyODIsLTEyMi40MzYyMwA=,-115,208,-11.25,SF10,1577228532,02:12.2,"00209,37.75282,-122.43623",209,37.75282,-122.43623,0,02:12.2,-11.25
,,,,,,,,,,,210,37.75288,-122.43534,,,
1794645586,orbiting malachite swan,1,MDAyMTEsMzcuNzUyOTQsLTEyMi40MzQ1NQA=,-117,210,-6.75,SF10,1577228552,02:32.1,"00211,37.75294,-122.43455",211,37.75294,-122.43455,1,02:32.1,-4.25
888415481,dapper nylon rat,1,MDAyMTIsMzcuNzUyOTUsLTEyMi40MzQwNwA=,-100,211,2.5,SF10,1577228562,02:42.4,"00212,37.75295,-122.43407",212,37.75295,-122.43407,0,02:42.4,2.5
,,,,,,,,,,,213,37.75299,-122.4333,,,
1252139721,sharp tan mallard,1,MDAyMTQsMzcuNzUzMDMsLTEyMi40MzI0MwA=,-122,213,-5.5,SF10,1577228582,03:02.3,#ERROR!,214,37.75303,-122.43243,0,03:02.3,-5.5
3717911582,dapper nylon rat,1,MDAyMTUsMzcuNzUzMDYsLTEyMi40MzIwNwA=,-108,214,-9.25,SF10,1577228592,03:11.8,#ERROR!,215,37.75306,-122.43207,1,03:11.8,-5.25
3247766156,innocent maroon swift,1,MDAyMTYsMzcuNzUzMDksLTEyMi40MzEyOAA=,-118,215,-13.75,SF10,1577228602,03:22.2,"00216,37.75309,-122.43128",216,37.75309,-122.43128,0,03:22.2,-13.75
,,,,,,,,,,,217,37.75315,-122.43037,,,
44925351,dapper nylon rat,1,MDAyMTgsMzcuNzUzMTksLTEyMi40Mjk4OQA=,-97,217,-4,SF10,1577228622,03:42.0,"00218,37.75319,-122.42989",218,37.75319,-122.42989,0,03:42.0,-4
2391460761,innocent maroon swift,1,MDAyMTksMzcuNzUzMjMsLTEyMi40MjkwOAA=,-118,218,-8.5,SF10,1577228632,03:52.4,#ERROR!,219,37.75323,-122.42908,1,03:52.4,3.25
110611266,dapper nylon rat,1,MDAyMjAsMzcuNzUzMjcsLTEyMi40Mjg1NAA=,-99,219,-1.25,SF10,1577228642,04:01.9,#ERROR!,220,37.75327,-122.42854,1,04:01.9,-3.5
3861453958,dapper nylon rat,1,MDAyMjEsMzcuNzUzMzIsLTEyMi40Mjc4OAA=,-93,220,5,SF10,1577228652,04:12.3,"00221,37.75332,-122.42788",221,37.75332,-122.42788,1,04:12.3,-4.75
2726018238,short inky cuckoo,1,MDAyMjIsMzcuNzUzMzMsLTEyMi40Mjc3OQA=,-124,221,-8.75,SF10,1577228662,04:21.8,"00222,37.75333,-122.42779",222,37.75333,-122.42779,2,04:21.8,3.75
3563830664,innocent maroon swift,1,MDAyMjMsMzcuNzUzMzMsLTEyMi40Mjc4MAA=,-115,222,-0.5,SF10,1577228672,04:32.2,"00223,37.75333,-122.42780",223,37.75333,-122.4278,3,04:32.2,-0.75
4036699772,orbiting malachite swan,1,MDAyMjQsMzcuNzUzMzIsLTEyMi40Mjc3OQA=,-109,223,-10.5,SF10,1577228682,04:41.7,"00224,37.75332,-122.42779",224,37.75332,-122.42779,1,04:41.7,-2.25
3528637998,innocent maroon swift,1,MDAyMjUsMzcuNzUzMzMsLTEyMi40Mjc0MgA=,-105,224,7.75,SF10,1577228692,04:52.0,"00225,37.75333,-122.42742",225,37.75333,-122.42742,0,04:52.0,7.75
1585700046,innocent maroon swift,1,MDAyMjYsMzcuNzUzMzgsLTEyMi40MjY2OQA=,-114,225,4,SF10,1577228702,05:02.4,#ERROR!,226,37.75338,-122.42669,0,05:02.4,4
3620658364,innocent maroon swift,1,MDAyMjcsMzcuNzUzNDEsLTEyMi40MjYyNAA=,-104,226,8.25,SF10,1577228712,05:11.9,#ERROR!,227,37.75341,-122.42624,0,05:11.9,8.25
3870482474,innocent maroon swift,1,MDAyMjgsMzcuNzUzNDQsLTEyMi40MjU1OAA=,-112,227,4.5,SF10,1577228722,05:22.3,"00228,37.75344,-122.42558",228,37.75344,-122.42558,0,05:22.3,4.5
3756055753,innocent maroon swift,1,MDAyMjksMzcuNzUzNDUsLTEyMi40MjU1MQA=,-108,228,1.75,SF10,1577228732,05:31.8,#ERROR!,229,37.75345,-122.42551,0,05:31.8,1.75
4059098330,innocent maroon swift,1,MDAyMzAsMzcuNzUzNDksLTEyMi40MjQ5MAA=,-114,229,1,SF10,1577228742,05:42.1,"00230,37.75349,-122.42490",230,37.75349,-122.4249,0,05:42.1,1
2152804486,innocent maroon swift,1,MDAyMzEsMzcuNzUzNTMsLTEyMi40MjQyNgA=,-112,230,1.75,SF10,1577228752,05:51.6,#ERROR!,231,37.75353,-122.42426,0,05:51.6,1.75
,,,,,,,,,,,232,37.75359,-122.42357,,,
1173724265,innocent maroon swift,1,MDAyMzMsMzcuNzUzNjQsLTEyMi40MjI2MQA=,-91,232,11.5,SF10,1577228772,06:12.4,"00233,37.75364,-122.42261",233,37.75364,-122.42261,1,06:13.2,-5
3786022526,innocent maroon swift,1,MDAyMzQsMzcuNzUzNzIsLTEyMi40MjE3MgA=,-70,233,13.75,SF10,1577228782,06:21.9,#ERROR!,234,37.75372,-122.42172,0,06:21.9,13.75
3789957538,innocent maroon swift,1,MDAyMzUsMzcuNzUzNzUsLTEyMi40MjEyMwA=,-87,234,12.5,SF10,1577228792,06:32.3,#ERROR!,235,37.75375,-122.42123,1,06:32.3,-11
3650739063,amateur clay stallion,1,MDAyMzYsMzcuNzUzNzcsLTEyMi40MjEwMgA=,-112,235,0,SF10,1577228802,06:41.8,"00236,37.75377,-122.42102",236,37.75377,-122.42102,1,06:41.8,8.5
2274384817,innocent maroon swift,1,MDAyMzcsMzcuNzUzNzgsLTEyMi40MjEwMQA=,-98,236,10,SF10,1577228812,06:52.1,#ERROR!,237,37.75378,-122.42101,0,06:52.1,10
3082942107,innocent maroon swift,1,MDAyMzgsMzcuNzUzNzksLTEyMi40MjA4NwA=,-94,237,11.75,SF10,1577228822,07:01.6,"00238,37.75379,-122.42087",238,37.75379,-122.42087,0,07:01.6,11.75
3540693401,innocent maroon swift,1,MDAyMzksMzcuNzUzODYsLTEyMi40MjAwOAA=,-118,238,1.75,SF10,1577228832,07:12.0,"00239,37.75386,-122.42008",239,37.75386,-122.42008,1,12/24/2019 15:07,-2.75
737715748,dapper nylon rat,1,MDAyNDAsMzcuNzUzODYsLTEyMi40MTk2NAA=,-92,239,-0.75,SF10,1577228842,07:22.4,#ERROR!,240,37.75386,-122.41964,0,07:22.4,-0.75
1183659461,innocent maroon swift,1,MDAyNDEsMzcuNzUzOTEsLTEyMi40MTkyMAA=,-115,240,-1,SF10,1577228852,07:31.9,"00241,37.75391,-122.41920",241,37.75391,-122.4192,0,07:31.9,-1
,,,,,,,,,,,242,37.75389,-122.41906,,,
3507589409,dapper nylon rat,1,MDAyNDMsMzcuNzUzODksLTEyMi40MTg2OQA=,-108,242,-9,SF10,1577228872,07:51.7,"00243,37.75389,-122.41869",243,37.75389,-122.41869,0,07:51.7,-9
3423760734,innocent maroon swift,1,MDAyNDQsMzcuNzUzOTEsLTEyMi40MTgxNwA=,-117,243,-12.5,SF10,1577228882,08:02.1,#ERROR!,244,37.75391,-122.41817,1,08:02.1,0
2424608147,dapper nylon rat,1,MDAyNDUsMzcuNzUzOTEsLTEyMi40MTc4MQA=,-84,244,-11,SF10,1577228892,08:11.6,#ERROR!,245,37.75391,-122.41781,0,08:11.6,-11
2381577960,amateur clay stallion,1,MDAyNDYsMzcuNzUzOTUsLTEyMi40MTc3NAA=,-112,245,-3.75,SF10,1577228902,08:22.0,#ERROR!,246,37.75395,-122.41774,0,08:22.0,-3.75
3939195922,dapper nylon rat,1,MDAyNDcsMzcuNzUzOTQsLTEyMi40MTczOAA=,-98,246,4,SF10,1577228912,08:32.4,"00247,37.75394,-122.41738",247,37.75394,-122.41738,0,08:32.4,4
,,,,,,,,,,,248,37.75396,-122.4167,,,
218852030,dapper nylon rat,1,MDAyNDksMzcuNzUzOTgsLTEyMi40MTY2MwA=,-97,248,-5.75,SF10,1577228932,08:52.2,"00249,37.75398,-122.41663",249,37.75398,-122.41663,0,08:52.2,-5.75
1383289707,dapper nylon rat,1,MDAyNTAsMzcuNzUzOTksLTEyMi40MTY2MgA=,-93,249,-4.5,SF10,1577228942,09:01.7,Loading...,250,37.75399,-122.41662,1,09:01.7,-6.25
2422712755,amateur clay stallion,1,MDAyNTEsMzcuNzU0MDIsLTEyMi40MTYwNQA=,-111,250,1.5,SF10,1577228952,09:12.1,#ERROR!,251,37.75402,-122.41605,0,09:12.1,1.5
3469217726,amateur clay stallion,1,MDAyNTIsMzcuNzU0MDYsLTEyMi40MTU0NwA=,-120,251,-1.25,SF10,1577228962,09:21.6,#ERROR!,252,37.75406,-122.41547,0,09:21.6,-1.25
,,,,,,,,,,,253,37.75412,-122.41486,,,
779214526,amateur clay stallion,1,MDAyNTQsMzcuNzU0MTUsLTEyMi40MTQ0NAA=,-116,253,-1.5,SF10,1577228982,09:42.3,"00254,37.75415,-122.41444",254,37.75415,-122.41444,1,09:42.3,-5.25
4135747873,amateur clay stallion,1,MDAyNTUsMzcuNzU0MTYsLTEyMi40MTQzOQA=,-117,254,-1.75,SF10,1577228992,09:51.8,"00255,37.75416,-122.41439",255,37.75416,-122.41439,0,09:51.8,-1.75
,,,,,,,,,,,256,37.75421,-122.41366,,,
,,,,,,,,,,,257,37.75423,-122.41328,,,
841282278,dapper nylon rat,1,MDAyNTgsMzcuNzU0MjYsLTEyMi40MTI2MAA=,-97,257,-5.25,SF10,1577229022,10:22.1,#ERROR!,258,37.75426,-122.4126,0,10:22.1,-5.25
3182299783,dapper nylon rat,1,MDAyNTksMzcuNzU0MjgsLTEyMi40MTIxOQA=,-100,258,4.5,SF10,1577229032,10:31.6,"00259,37.75428,-122.41219",259,37.75428,-122.41219,1,10:31.6,0.75
2190745053,dapper nylon rat,1,MDAyNjAsMzcuNzU0MzIsLTEyMi40MTE1MAA=,-112,259,-3,SF10,1577229042,10:42.0,"00260,37.75432,-122.41150",260,37.75432,-122.4115,1,10:42.0,4.25
2529593771,dapper nylon rat,1,MDAyNjEsMzcuNzU0MzQsLTEyMi40MTEwMwA=,-106,260,-1.5,SF10,1577229052,10:52.3,#ERROR!,261,37.75434,-122.41103,0,10:52.3,-1.5
3767165209,amateur clay stallion,1,MDAyNjIsMzcuNzU0MzcsLTEyMi40MTAzNQA=,-108,261,3.5,SF10,1577229062,11:01.8,#ERROR!,262,37.75437,-122.41035,0,11:01.8,3.5
974376561,amateur clay stallion,1,MDAyNjMsMzcuNzU0NDIsLTEyMi40MDk2OQA=,-110,262,9,SF10,1577229072,11:12.2,"00263,37.75442,-122.40969",263,37.75442,-122.40969,0,11:12.2,9
1640373772,amateur clay stallion,1,MDAyNjQsMzcuNzU0NDYsLTEyMi40MDkzMgA=,-102,263,8,SF10,1577229082,11:21.7,#ERROR!,264,37.75446,-122.40932,1,11:21.7,5.5
2039040087,dapper nylon rat,1,MDAyNjUsMzcuNzU0NTAsLTEyMi40MDg1MgA=,-93,264,3,SF10,1577229092,11:32.1,"00265,37.75450,-122.40852",265,37.7545,-122.40852,0,11:32.1,3
2665758458,dapper nylon rat,1,MDAyNjYsMzcuNzU0NTIsLTEyMi40MDc4OAA=,-105,265,1,SF10,1577229102,11:42.4,#ERROR!,266,37.75452,-122.40788,1,11:42.4,4.25
1347029131,amateur clay stallion,1,MDAyNjcsMzcuNzU0NTcsLTEyMi40MDc0MgA=,-109,266,-3,SF10,1577229112,11:51.9,"00267,37.75457,-122.40742",267,37.75457,-122.40742,1,11:51.9,0
2702514450,dapper nylon rat,1,MDAyNjgsMzcuNzU0NjIsLTEyMi40MDY5NQA=,-104,267,3.75,SF10,1577229122,12:02.3,"00268,37.75462,-122.40695",268,37.75462,-122.40695,1,12:02.3,4.75
,,,,,,,,,,,269,37.75463,-122.40685,,,
,,,,,,,,,,,270,37.75463,-122.40669,,,
1624218488,dapper nylon rat,1,MDAyNzEsMzcuNzU0NTcsLTEyMi40MDY1NwA=,-91,270,-12.25,SF10,1577229152,12:31.7,"00271,37.75457,-122.40657",271,37.75457,-122.40657,0,12:31.7,-12.25
1916083444,amateur clay stallion,1,MDAyNzIsMzcuNzU0MzcsLTEyMi40MDY0NgA=,-114,271,5,SF10,1577229162,12:42.0,"00272,37.75437,-122.40646",272,37.75437,-122.40646,0,12:42.0,5
3129023449,dapper nylon rat,1,MDAyNzMsMzcuNzU0MTYsLTEyMi40MDU4MAA=,-108,272,0,SF10,1577229172,12:52.4,#ERROR!,273,37.75416,-122.4058,1,12:52.4,0.5
2269525373,dapper nylon rat,1,MDAyNzQsMzcuNzU0MjYsLTEyMi40MDUyNAA=,-100,273,-6.75,SF10,1577229182,13:01.9,"00274,37.75426,-122.40524",274,37.75426,-122.40524,0,13:01.9,-6.75
3074957756,dapper nylon rat,1,MDAyNzUsMzcuNzU0MzgsLTEyMi40MDQ0MgA=,-96,274,6.5,SF10,1577229192,13:12.3,#ERROR!,275,37.75438,-122.40442,1,13:12.3,-2
1153088981,short inky cuckoo,1,MDAyNzYsMzcuNzU0NDMsLTEyMi40MDM3MgA=,-120,275,-11.25,SF10,1577229203,13:22.7,"00276,37.75443,-122.40372",276,37.75443,-122.40372,1,13:21.8,2.5
2555529701,short inky cuckoo,1,MDAyNzcsMzcuNzU0NDksLTEyMi40MDMxOAA=,-122,276,-10,SF10,1577229212,13:32.2,"00277,37.75449,-122.40318",277,37.75449,-122.40318,1,13:32.2,4.25
2072559988,amateur clay stallion,1,MDAyNzgsMzcuNzU0NTMsLTEyMi40MDI2OAA=,-118,277,-0.5,SF10,1577229222,13:41.7,"00278,37.75453,-122.40268",278,37.75453,-122.40268,2,13:41.7,-7.5
675457627,dapper nylon rat,1,MDAyNzksMzcuNzU0NTcsLTEyMi40MDE5MQA=,-94,278,-3.75,SF10,1577229232,13:52.0,#ERROR!,279,37.75457,-122.40191,0,13:52.0,-3.75
1471171522,dapper nylon rat,1,MDAyODAsMzcuNzU0NTksLTEyMi40MDE0MQA=,-96,279,5.5,SF10,1577229242,14:02.4,#ERROR!,280,37.75459,-122.40141,0,14:02.4,5.5
1136235214,dapper nylon rat,1,MDAyODEsMzcuNzU0NjQsLTEyMi40MDA4MwA=,-100,280,5.5,SF10,1577229252,14:11.9,#ERROR!,281,37.75464,-122.40083,1,14:11.9,-3.5
2520929398,dapper nylon rat,1,MDAyODIsMzcuNzU0NjcsLTEyMi40MDAzNAA=,-104,281,2.75,SF10,1577229262,14:22.3,#ERROR!,282,37.75467,-122.40034,0,14:22.3,2.75
1943790016,amateur clay stallion,1,MDAyODMsMzcuNzU0NjksLTEyMi4zOTk4MwA=,-105,282,8.25,SF10,1577229272,14:31.8,#ERROR!,283,37.75469,-122.39983,2,14:31.8,2
1208105567,dapper nylon rat,1,MDAyODQsMzcuNzU0MzUsLTEyMi4zOTk3MAA=,-104,283,-0.25,SF10,1577229282,14:42.1,#ERROR!,284,37.75435,-122.3997,2,14:42.1,1
1048618690,immense mercurial crocodile,1,MDAyODUsMzcuNzUzOTAsLTEyMi4zOTk1OAA=,-106,284,-3.25,SF10,1577229292,14:51.6,#ERROR!,285,37.7539,-122.39958,2,14:53.4,-8
3687189653,amateur clay stallion,1,MDAyODYsMzcuNzUzMzAsLTEyMi4zOTk1MQA=,-116,285,6.25,SF10,1577229302,15:02.0,"00286,37.75330,-122.39951",286,37.7533,-122.39951,11,15:02.9,0.25
3947755558,short inky cuckoo,1,MDAyODcsMzcuNzUyNjUsLTEyMi4zOTk0OAA=,-123,286,-4.25,SF10,1577229312,15:12.4,"00287,37.75265,-122.39948",287,37.75265,-122.39948,0,15:12.4,-4.25
,,,,,,,,,,,288,37.75248,-122.39928,,,
340320998,amateur clay stallion,1,MDAyODksMzcuNzUyNDUsLTEyMi4zOTkwMAA=,-110,288,-10.25,SF10,1577229332,15:32.3,"00289,37.75245,-122.39900",289,37.75245,-122.399,0,15:32.3,-10.25
,,,,,,,,,,,290,37.75262,-122.39863,,,
,,,,,,,,,,,291,37.75284,-122.39854,,,
,,,,,,,,,,,292,37.75333,-122.39858,,,
,,,,,,,,,,,293,37.75365,-122.39859,,,
2659797705,amateur clay stallion,1,MDAyOTQsMzcuNzU0MTcsLTEyMi4zOTg2NAA=,-117,293,-4.5,SF10,1577229382,16:22.4,"00294,37.75417,-122.39864",294,37.75417,-122.39864,1,16:23.2,-8.5
3796361650,innocent maroon swift,1,MDAyOTUsMzcuNzU0NjUsLTEyMi4zOTg2OAA=,-118,294,-16,SF10,1577229392,16:31.9,"00295,37.75465,-122.39868",295,37.75465,-122.39868,0,16:31.9,-16
19629359,amateur clay stallion,1,MDAyOTYsMzcuNzU1MDYsLTEyMi4zOTg3MgA=,-106,295,4.25,SF10,1577229402,16:42.2,#ERROR!,296,37.75506,-122.39872,1,16:42.2,-2
2331310921,gorgeous carbon iguana,1,MDAyOTcsMzcuNzU1NjksLTEyMi4zOTg3NwA=,-122,296,-12.5,SF10,1577229412,16:51.7,"00297,37.75569,-122.39877",297,37.75569,-122.39877,0,16:51.7,-12.5
3640285781,big gunmetal blackbird,1,MDAyOTgsMzcuNzU2MTEsLTEyMi4zOTg4MwA=,-120,297,-5.75,SF10,1577229423,17:03.0,#ERROR!,298,37.75611,-122.39883,1,17:02.1,-0.25
,,,,,,,,,,,299,37.75689,-122.39889,,,
4059633864,jumpy spruce bison,1,MDAzMDAsMzcuNzU3MjQsLTEyMi4zOTg5MAA=,-120,299,-4.75,SF10,1577229442,17:22.0,"00300,37.75724,-122.39890",300,37.75724,-122.3989,2,17:22.8,-5.25
1993852125,big gunmetal blackbird,1,MDAzMDEsMzcuNzU3MjUsLTEyMi4zOTg5MAA=,-118,300,-7.25,SF10,1577229452,17:32.4,"00301,37.75725,-122.39890",301,37.75725,-122.3989,4,17:32.4,-11.5
2961386865,big gunmetal blackbird,1,MDAzMDIsMzcuNzU3MzAsLTEyMi4zOTg5MQA=,-115,301,-6.75,SF10,1577229462,17:41.9,#ERROR!,302,37.7573,-122.39891,1,17:41.9,-0.5
2977707772,witty tortilla parrot,1,MDAzMDMsMzcuNzU3NjksLTEyMi4zOTg5NQA=,-122,302,1,SF10,1577229472,17:52.2,"00303,37.75769,-122.39895",303,37.75769,-122.39895,3,17:52.2,-1.75
3985654292,jumpy spruce bison,1,MDAzMDQsMzcuNzU3OTIsLTEyMi4zOTg5OAA=,-123,303,-5.75,SF10,1577229482,18:01.7,"00304,37.75792,-122.39898",304,37.75792,-122.39898,2,18:01.7,-3.75
2607075362,jumpy spruce bison,1,MDAzMDUsMzcuNzU4MzQsLTEyMi4zOTkwMgA=,-122,304,-3.75,SF10,1577229492,18:12.1,"00305,37.75834,-122.39902",305,37.75834,-122.39902,0,18:12.1,-3.75
1835514926,witty tortilla parrot,1,MDAzMDYsMzcuNzU4ODcsLTEyMi4zOTkwNwA=,-106,305,-1.75,SF10,1577229502,18:21.6,"00306,37.75887,-122.39907",306,37.75887,-122.39907,1,18:21.6,2.5
3581666267,muscular lavender owl,1,MDAzMDcsMzcuNzU5MzYsLTEyMi4zOTkxMgA=,-118,306,1.25,SF10,1577229512,18:32.0,"00307,37.75936,-122.39912",307,37.75936,-122.39912,0,18:32.0,1.25
3796714220,muscular lavender owl,1,MDAzMDgsMzcuNzU5NzcsLTEyMi4zOTkxNQA=,-118,307,-9,SF10,1577229522,18:42.3,"00308,37.75977,-122.39915",308,37.75977,-122.39915,2,18:42.3,1.25
3897087421,big gunmetal blackbird,1,MDAzMDksMzcuNzYwMDQsLTEyMi4zOTkxOQA=,-115,308,-4.75,SF10,1577229532,18:51.8,#ERROR!,309,37.76004,-122.39919,2,18:51.8,1.25
4074281965,jumpy spruce bison,1,MDAzMTAsMzcuNzYwNTQsLTEyMi4zOTkyNQA=,-118,309,-0.5,SF10,1577229542,19:02.2,"00310,37.76054,-122.39925",310,37.76054,-122.39925,2,19:02.2,-14
287403957,jumpy spruce bison,1,MDAzMTEsMzcuNzYxMDQsLTEyMi4zOTkyNwA=,-118,310,-5,SF10,1577229552,19:11.7,#ERROR!,311,37.76104,-122.39927,2,19:11.7,6
1750845114,witty tortilla parrot,1,MDAzMTIsMzcuNzYxMTcsLTEyMi4zOTkwNAA=,-106,311,5.5,SF10,1577229562,19:22.1,"00312,37.76117,-122.39904",312,37.76117,-122.39904,1,19:22.9,-8
1349718463,big gunmetal blackbird,1,MDAzMTMsMzcuNzYxMjAsLTEyMi4zOTg1MQA=,-117,312,-13.25,SF10,1577229572,19:31.6,"00313,37.76120,-122.39851",313,37.7612,-122.39851,0,19:31.6,-13.25
,,,,,,,,,,,314,37.76123,-122.39798,,,
3657024487,big gunmetal blackbird,1,MDAzMTUsMzcuNzYxMjYsLTEyMi4zOTc0MgA=,-116,314,-5.5,SF10,1577229592,19:52.3,"00315,37.76126,-122.39742",315,37.76126,-122.39742,1,19:52.3,-4.5
,,,,,,,,,,,316,37.7613,-122.39664,,,
,,,,,,,,,,,317,37.76133,-122.3961,,,
2819251119,dandy sangria okapi,1,MDAzMTgsMzcuNzYxMzYsLTEyMi4zOTU1NwA=,-115,317,-13.25,SF10,1577229622,20:21.7,#ERROR!,318,37.76136,-122.39557,3,20:21.7,-10.25
3665212813,eager banana crane,1,MDAzMTksMzcuNzYxNDEsLTEyMi4zOTQ5MgA=,-111,318,-6,SF10,1577229633,20:32.9,Loading...,319,37.76141,-122.39492,0,20:32.9,-6
130455135,dandy sangria okapi,1,MDAzMjAsMzcuNzYxNDQsLTEyMi4zOTQ1MQA=,-117,319,-7.25,SF10,1577229642,20:42.4,"00320,37.76144,-122.39451",320,37.76144,-122.39451,4,20:42.4,-1.75
1260267646,eager banana crane,1,MDAzMjEsMzcuNzYxNDcsLTEyMi4zOTM4MwA=,-112,320,-5.75,SF10,1577229652,20:51.9,#ERROR!,321,37.76147,-122.39383,0,20:51.9,-5.75
,,,,,,,,,,,322,37.76162,-122.39352,,,
1546338040,quaint cornflower dove,1,MDAzMjMsMzcuNzYyMjUsLTEyMi4zOTM1OQA=,-115,322,-13.75,SF10,1577229674,21:14.4,"00323,37.76225,-122.39359",323,37.76225,-122.39359,0,21:14.4,-13.75
,,,,,,,,,,,324,37.7627,-122.39364,,,
,,,,,,,,,,,325,37.76312,-122.39368,,,
,,,,,,,,,,,326,37.76374,-122.39373,,,
,,,,,,,,,,,327,37.76397,-122.39375,,,
,,,,,,,,,,,328,37.76405,-122.39327,,,
251311601,magic scarlet hippo,1,MDAzMjksMzcuNzY0MTUsLTEyMi4zOTI3MwA=,-118,328,-15.75,SF10,1577229733,22:13.2,"00329,37.76415,-122.39273",329,37.76415,-122.39273,1,22:12.3,0.75
,,,,,,,,,,,330,37.76415,-122.39262,,,
,,,,,,,,,,,331,37.76419,-122.39246,,,
372667802,eager banana crane,1,MDAzMzIsMzcuNzY0MTksLTEyMi4zOTIzMwA=,-116,331,2.5,SF10,1577229762,22:41.7,"00332,37.76419,-122.39233",332,37.76419,-122.39233,2,22:41.7,3.75
3400780801,magic scarlet hippo,1,MDAzMzMsMzcuNzY0MTgsLTEyMi4zOTIzMQA=,-117,332,-11.25,SF10,1577229772,22:52.0,#ERROR!,333,37.76418,-122.39231,2,22:52.0,2.25
3221295046,eager banana crane,1,MDAzMzQsMzcuNzY0MTcsLTEyMi4zOTIyNgA=,-110,333,-6,SF10,1577229782,23:02.4,#ERROR!,334,37.76417,-122.39226,0,23:02.4,-6
3889585112,magic scarlet hippo,1,MDAzMzUsMzcuNzY0MTYsLTEyMi4zOTIyNgA=,-122,334,-10,SF10,1577229792,23:11.9,"00335,37.76416,-122.39226",335,37.76416,-122.39226,0,23:11.9,-10
2565133341,magic scarlet hippo,1,MDAzMzYsMzcuNzY0MTUsLTEyMi4zOTIyNwA=,-122,335,-12.75,SF10,1577229802,23:22.3,"00336,37.76415,-122.39227",336,37.76415,-122.39227,1,23:22.3,0.5
,,,,,,,,,,,337,37.76421,-122.39191,,,
3335556028,eager banana crane,1,MDAzMzgsMzcuNzY0MjYsLTEyMi4zOTA5NQA=,-117,337,0.75,SF10,1577229822,23:42.1,"00338,37.76426,-122.39095",338,37.76426,-122.39095,1,23:42.1,3
2459643116,eager banana crane,1,MDAzMzksMzcuNzY0MzQsLTEyMi4zODk2OQA=,-112,338,-1,SF10,1577229832,23:51.6,"00339,37.76434,-122.38969",339,37.76434,-122.38969,0,23:51.6,-1
191986025,eager banana crane,1,MDAzNDAsMzcuNzY0MzksLTEyMi4zODkxMQA=,-109,339,-1.5,SF10,1577229842,24:02.0,#ERROR!,340,37.76439,-122.38911,0,24:02.0,-1.5
4257831275,magic scarlet hippo,1,MDAzNDEsMzcuNzY0MzksLTEyMi4zODkxNAA=,-116,340,-13,SF10,1577229852,24:12.4,#ERROR!,341,37.76439,-122.38914,2,24:12.4,8.75
2610577665,magic scarlet hippo,1,MDAzNDIsMzcuNzY0MzksLTEyMi4zODkxNAA=,-114,341,-2.75,SF10,1577229862,24:21.9,"00342,37.76439,-122.38914",342,37.76439,-122.38914,1,24:21.9,7.75
706268717,mythical jade tarantula,1,MDAzNDMsMzcuNzY0MzgsLTEyMi4zODkxNAA=,-105,342,-0.25,SF10,1577229872,24:32.3,#ERROR!,343,37.76438,-122.38914,0,24:32.3,-0.25
3371366428,eager banana crane,1,MDAzNDQsMzcuNzY0MzgsLTEyMi4zODkxNAA=,-106,343,8.5,SF10,1577229882,24:41.8,"00344,37.76438,-122.38914",344,37.76438,-122.38914,1,24:41.8,-12.5
2278684978,magic scarlet hippo,1,MDAzNDUsMzcuNzY0MzcsLTEyMi4zODkxNAA=,-117,344,-8.75,SF10,1577229892,24:52.1,#ERROR!,345,37.76437,-122.38914,1,24:52.1,1
3561908088,eager banana crane,1,MDAzNDYsMzcuNzY0MzYsLTEyMi4zODkxNAA=,-93,345,6.75,SF10,1577229902,25:01.6,#ERROR!,346,37.76436,-122.38914,2,25:01.6,1.75
929621255,magic scarlet hippo,1,MDAzNDcsMzcuNzY0MzUsLTEyMi4zODkxNAA=,-117,346,-12.75,SF10,1577229912,25:12.0,#ERROR!,347,37.76435,-122.38914,1,12/24/2019 15:25,-7
523974604,eager banana crane,1,MDAzNDgsMzcuNzY0NTQsLTEyMi4zODg4MAA=,-107,347,2.75,SF10,1577229922,25:22.4,"00348,37.76454,-122.38880",348,37.76454,-122.3888,0,25:22.4,2.75
1871626075,mythical jade tarantula,1,MDAzNDksMzcuNzY1MzIsLTEyMi4zODg4OQA=,-104,348,7.5,SF10,1577229932,25:31.9,"00349,37.76532,-122.38889",349,37.76532,-122.38889,1,25:31.9,-9.25
4257910830,eager banana crane,1,MDAzNTAsMzcuNzY2MTgsLTEyMi4zODg5NQA=,-98,349,5.75,SF10,1577229942,25:42.2,#ERROR!,350,37.76618,-122.38895,0,25:42.2,5.75
1307996960,eager banana crane,1,MDAzNTEsMzcuNzY2NTcsLTEyMi4zODg5NQA=,-110,350,0.25,SF10,1577229952,25:51.7,"00351,37.76657,-122.38895",351,37.76657,-122.38895,2,25:51.7,-9.5
663303929,dapper nylon rat,1,MDAzNTIsMzcuNzY2NTQsLTEyMi4zODg5OAA=,-112,351,-6.75,SF10,1577229962,26:02.1,"00352,37.76654,-122.38898",352,37.76654,-122.38898,2,26:02.1,4.5
1607873380,mythical jade tarantula,1,MDAzNTMsMzcuNzY2NTEsLTEyMi4zODkwNQA=,-104,352,3.75,SF10,1577229972,26:11.6,"00353,37.76651,-122.38905",353,37.76651,-122.38905,1,26:11.6,1
2135823402,dandy sangria okapi,1,MDAwMDEsSU5WQUxJRCxJTlZBTElEAA==,-117,0,-13.5,SF10,1577230748,39:08.4,#ERROR!,1,37.76651,-122.38905,3,39:06.6,10.5
3065876561,brave butter unicorn,1,MDAwMDIsMzcuNzkxMzUsLTEyMi4zOTQ4NAA=,-96,1,0.75,SF10,1577230757,39:17.0,#ERROR!,2,37.79135,-122.39484,2,39:17.0,5.75
2264418102,perfect charcoal albatross,1,MDAwMDMsMzcuNzkxMjQsLTEyMi4zOTUxNgA=,-97,2,-0.75,SF10,1577230767,39:27.4,"00003,37.79124,-122.39516",3,37.79124,-122.39516,1,39:27.4,2.5
2667895792,quick paisley pony,1,MDAwMDQsMzcuNzkyMjcsLTEyMi4zOTQ2MgA=,-117,3,-4.75,SF10,1577230777,39:36.9,"00004,37.79227,-122.39462",4,37.79227,-122.39462,1,39:36.9,3.5
2747389771,brave butter unicorn,1,MDAwMDUsMzcuNzkzMDUsLTEyMi4zOTQyOAA=,-85,4,5.25,SF10,1577230787,39:47.2,"00005,37.79305,-122.39428",5,37.79305,-122.39428,1,39:47.2,11
2415139894,perfect charcoal albatross,1,MDAwMDYsMzcuNzkzNjQsLTEyMi4zOTUwMAA=,-88,5,7.5,SF10,1577230797,39:56.7,#ERROR!,6,37.79364,-122.395,1,39:56.7,-14
2384783648,perfect charcoal albatross,1,MDAwMDcsMzcuNzkzODUsLTEyMi4zOTUzNgA=,-94,6,6,SF10,1577230807,40:07.1,"00007,37.79385,-122.39536",7,37.79385,-122.39536,0,40:07.1,6
1044068395,brave butter unicorn,1,MDAwMDgsMzcuNzkzODcsLTEyMi4zOTU1NgA=,-88,7,-2.25,SF10,1577230817,40:16.6,"00008,37.79387,-122.39556",8,37.79387,-122.39556,1,40:16.6,-8.5
2674193722,perfect charcoal albatross,1,MDAwMTAsMzcuNzkzOTAsLTEyMi4zOTU1MwA=,-109,9,0.75,SF10,1577230837,40:37.3,"00010,37.79390,-122.39553",10,37.7939,-122.39553,2,40:37.3,3
86729451,brave butter unicorn,1,MDAwMTEsSU5WQUxJRCxJTlZBTElEAA==,-100,10,4,SF10,1577230847,40:46.8,"00011,INVALID,INVALID",11,37.7939,-122.39553,1,40:46.8,2.25
3941980527,brave butter unicorn,1,MDAwMTIsMzcuNzkzMTMsLTEyMi4zOTQzMwA=,-89,11,2.25,SF10,1577230857,40:57.2,#ERROR!,12,37.79313,-122.39433,1,40:57.2,9
3255982679,brave butter unicorn,1,MDAwMTMsMzcuNzkyODQsLTEyMi4zOTQzNgA=,-90,12,3.25,SF10,1577230867,41:06.7,#ERROR!,13,37.79284,-122.39436,1,41:06.7,7.25
1222318745,perfect charcoal albatross,1,MDAwMTQsMzcuNzkyODMsLTEyMi4zOTQzNgA=,-99,13,8.75,SF10,1577230877,41:17.1,#ERROR!,14,37.79283,-122.39436,1,41:17.1,3.5
818636402,brave butter unicorn,1,MDAwMTUsMzcuNzkyODMsLTEyMi4zOTQzNgA=,-98,14,3.75,SF10,1577230887,41:26.6,#ERROR!,15,37.79283,-122.39436,1,41:26.6,9.25
1149419422,perfect charcoal albatross,1,MDAwMTYsMzcuNzkyODIsLTEyMi4zOTQzNAA=,-96,15,-3.25,SF10,1577230897,41:37.0,"00016,37.79282,-122.39434",16,37.79282,-122.39434,0,41:37.0,-3.25
1811558670,perfect charcoal albatross,1,MDAwMTcsMzcuNzkyNzYsLTEyMi4zOTQzOAA=,-94,16,11.75,SF10,1577230907,41:47.3,"00017,37.79276,-122.39438",17,37.79276,-122.39438,1,41:47.3,4.25
2146962947,brave butter unicorn,1,MDAwMTgsMzcuNzkyNjcsLTEyMi4zOTQ0NQA=,-89,17,2.5,SF10,1577230917,41:56.8,"00018,37.79267,-122.39445",18,37.79267,-122.39445,2,41:56.8,-10
2006433184,quick paisley pony,1,MDAwMTksMzcuNzkyNTksLTEyMi4zOTQ0NQA=,-117,18,-10.75,SF10,1577230927,42:07.2,"00019,37.79259,-122.39445",19,37.79259,-122.39445,1,42:07.2,6
531838155,brave butter unicorn,1,MDAwMjAsMzcuNzkyNTksLTEyMi4zOTQ0MgA=,-91,19,3.25,SF10,1577230937,42:16.7,"00020,37.79259,-122.39442",20,37.79259,-122.39442,0,42:16.7,3.25
